term,translation,forms,note,folder,case
primal,праймал,,"Божество, вызванное верой и эфиром: Ифрит, Титан, Гаруда. Прилагательное: праймальный.",Лор/Понятия,
primals,праймалы,,Множественное число от primal.,Лор/Понятия,
tempered,порабощённый,,"В значении «подчинённый праймалу». О стали, стекле и характере (tempered steel, ill-tempered) — по смыслу: закалённый, вспыльчивый.",Лор/Понятия,
Scions of the Seventh Dawn,Наследники Седьмой Зари,,,Лор/Организации,
Scions,Наследники,the Scions,Члены «Потомков Седьмой Зари».,Лор/Организации,
Scion,Потомок,,Член «Потомков Седьмой Зари».,Лор/Организации,
Seventh Umbral Calamity,Седьмое Бедствие,,,Лор/Понятия,
the Calamity,Бедствие,,"Событие, падение Даламуда; пишется с заглавной.",Лор/Понятия,yes
Lightwarden,Страж света,,,Лор/Понятия,
Lightwardens,Стражи Света,,,Лор/Понятия,
Sin Eater,Пожиратель грехов,,,Лор/Понятия,
Sin Eaters,пожиратели грехов,,,Лор/Понятия,
Garlond Ironworks,Гарлондские мастерские,,,Лор/Организации,
Ironworks,Мастерские,,"Garlond Ironworks, мастерские Сида.",Лор/Организации,
Maelstrom,Мальстрём,,"Великая компания Лимсы Ломинсы, переводиться как Мальстрём только в тех местах, где DE и FR локализации оставили понятие Мальстрём, а не перевели его на, например, ""Водоворот"", или в предложении на одной из локализации можно понять, что речь идет о Великой Компании",Лор/Организации,yes
aether,эфир,,"aetherial, aetheric — эфирный.",Лор/Понятия,
aetheryte,Эфирит,,,Игровые системы,
aetherytes,эфириты,,,Игровые системы,
Warrior of Light,Воин света,Warriors of Light,,Лор/Понятия,
Echo,Эхо,,Дар Эха. В значении звука — эхо.,Лор/Понятия,
Ascian,асианец,,Женский род — асианка; прилагательное — асианский.,Лор/Народы,
Ascians,асианцы,,,Лор/Народы,
beastmen,зверолюды,,,Лор/Народы,
beast tribes,племена зверолюдов,,,Лор/Народы,
Allagan,аллагский,,Allag — Аллаг.,Лор/Народы,
Garlean,гарлеанец,,Прилагательное: гарлеанский.,Лор/Народы,
Garleans,гарлеанцы,,,Лор/Народы,
Mothercrystal,Первородный кристалл,,Кристалл Хайделин.,Лор/Понятия,
the Resistance,Сопротивление,,,Лор/Организации,
Eorzean Alliance,Эорзейский альянс,,,Лор/Организации,
Grand Company,Великая компания,,,Лор/Организации,
Order of the Twin Adder,Орден Двух Змей,,,Лор/Организации,
Immortal Flames,Бессмертное пламя,,,Лор/Организации,
Final Days,Последние дни,,,Лор/Понятия,
the Source,Исток,,Мир Истока; reflection — отражение.,Лор/Понятия,
Holy See,Святой престол,,,Лор/Организации,
the Twelve,Двенадцать,,Боги Эорзеи.,Лор/Персонажи и божества,
Unsundered,неразделённые,,,Лор/Понятия,
Telophoroi,телофорои,,,Лор/Организации,
(Normal),(нормал),,"Сложность в названии задания: неизменяемое слово в скобках, без согласования.",Задания/Сложность,
(Hard),(хард),,"Сложность в названии задания: неизменяемое слово в скобках, без согласования.",Задания/Сложность,
(Extreme),(экстрим),,"Сложность в названии задания: неизменяемое слово в скобках, без согласования.",Задания/Сложность,
(Savage),(савадж),,"Сложность в названии задания: неизменяемое слово в скобках, без согласования.",Задания/Сложность,
(Ultimate),(ультимейт),,"Сложность в названии задания: неизменяемое слово в скобках, без согласования.",Задания/Сложность,
(Unreal),(анрил),,"Сложность в названии задания: неизменяемое слово в скобках, без согласования.",Задания/Сложность,
(Chaotic),(хаос),,"Сложность в названии задания: неизменяемое слово в скобках, без согласования.",Задания/Сложность,
A Realm Reborn,A Realm Reborn,,"Название дополнения игры: не переводится, пишется по-английски без кавычек и не склоняется.",Дополнения,
Heavensward,Heavensward,,"Название дополнения игры: не переводится, пишется по-английски без кавычек и не склоняется.",Дополнения,
Stormblood,Stormblood,,"Название дополнения игры: не переводится, пишется по-английски без кавычек и не склоняется.",Дополнения,
Shadowbringers,Shadowbringers,,"Название дополнения игры: не переводится, пишется по-английски без кавычек и не склоняется.",Дополнения,
Endwalker,Endwalker,,"Название дополнения игры: не переводится, пишется по-английски без кавычек и не склоняется.",Дополнения,
Dawntrail,Dawntrail,,"Название дополнения игры: не переводится, пишется по-английски без кавычек и не склоняется.",Дополнения,
gladiator,гладиатор,gladiators,"Название класса или профессии; в игре со строчной буквы, мужской род для всех. В других значениях слова — по смыслу.",Классы и профессии,
pugilist,кулачный боец,pugilists,"Название класса или профессии; в игре со строчной буквы, мужской род для всех.",Классы и профессии,
marauder,мародёр,marauders,"Название класса или профессии; в игре со строчной буквы, мужской род для всех. В других значениях слова — по смыслу.",Классы и профессии,
lancer,копейщик,lancers,"Название класса или профессии; в игре со строчной буквы, мужской род для всех. В других значениях слова — по смыслу.",Классы и профессии,
archer,лучник,archers,"Название класса или профессии; в игре со строчной буквы, мужской род для всех. В других значениях слова — по смыслу.",Классы и профессии,
conjurer,Чародей,Conjurers,"Название класса или профессии; в игре со строчной буквы, мужской род для всех.",Классы и профессии,
thaumaturge,тауматург,,"Название класса или профессии; в игре со строчной буквы, мужской род для всех.",Классы и профессии,
carpenter,плотник,carpenters,"Название класса или профессии; в игре со строчной буквы, мужской род для всех. В других значениях слова — по смыслу.",Классы и профессии,
blacksmith,кузнец,blacksmiths,"Название класса или профессии; в игре со строчной буквы, мужской род для всех. В других значениях слова — по смыслу.",Классы и профессии,
armorer,бронник,armorers,"Название класса или профессии; в игре со строчной буквы, мужской род для всех.",Классы и профессии,
goldsmith,ювелир,goldsmiths,"Название класса или профессии; в игре со строчной буквы, мужской род для всех. В других значениях слова — по смыслу.",Классы и профессии,
leatherworker,кожевник,leatherworkers,"Название класса или профессии; в игре со строчной буквы, мужской род для всех.",Классы и профессии,
weaver,ткач,weavers,"Название класса или профессии; в игре со строчной буквы, мужской род для всех. В других значениях слова — по смыслу.",Классы и профессии,
alchemist,алхимик,alchemists,"Название класса или профессии; в игре со строчной буквы, мужской род для всех. В других значениях слова — по смыслу.",Классы и профессии,
culinarian,кулинар,culinarians,"Название класса или профессии; в игре со строчной буквы, мужской род для всех.",Классы и профессии,
miner,шахтёр,miners,"Название класса или профессии; в игре со строчной буквы, мужской род для всех. В других значениях слова — по смыслу.",Классы и профессии,
botanist,ботаник,botanists,"Название класса или профессии; в игре со строчной буквы, мужской род для всех. В других значениях слова — по смыслу.",Классы и профессии,
fisher,рыбак,fishers,"Название класса или профессии; в игре со строчной буквы, мужской род для всех. В других значениях слова — по смыслу.",Классы и профессии,
paladin,паладин,paladins,"Название класса или профессии; в игре со строчной буквы, мужской род для всех. В других значениях слова — по смыслу.",Классы и профессии,
monk,монах,monks,"Название класса или профессии; в игре со строчной буквы, мужской род для всех. В других значениях слова — по смыслу.",Классы и профессии,
warrior,воин,warriors,"Название класса или профессии; в игре со строчной буквы, мужской род для всех. В других значениях слова — по смыслу.",Классы и профессии,
dragoon,драгун,dragoons,"Название класса или профессии; в игре со строчной буквы, мужской род для всех.",Классы и профессии,
bard,бард,bards,"Название класса или профессии; в игре со строчной буквы, мужской род для всех. В других значениях слова — по смыслу.",Классы и профессии,
white mage,белый маг,white mages,"Название класса или профессии; в игре со строчной буквы, мужской род для всех.",Классы и профессии,
black mage,чёрный маг,black mages,"Название класса или профессии; в игре со строчной буквы, мужской род для всех.",Классы и профессии,
arcanist,арканист,arcanists,"Название класса или профессии; в игре со строчной буквы, мужской род для всех.",Классы и профессии,
summoner,призыватель,summoners,"Название класса или профессии; в игре со строчной буквы, мужской род для всех.",Классы и профессии,
scholar,учёный,scholars,"Название класса или профессии; в игре со строчной буквы, мужской род для всех. В других значениях слова — по смыслу.",Классы и профессии,
rogue,вор,rogues,"Название класса или профессии; в игре со строчной буквы, мужской род для всех. В других значениях слова — по смыслу.",Классы и профессии,
ninja,ниндзя,,"Название класса или профессии; в игре со строчной буквы, мужской род для всех. В других значениях слова — по смыслу.",Классы и профессии,
machinist,механик,machinists,"Название класса или профессии; в игре со строчной буквы, мужской род для всех. В других значениях слова — по смыслу.",Классы и профессии,
dark knight,тёмный рыцарь,dark knights,"Название класса или профессии; в игре со строчной буквы, мужской род для всех.",Классы и профессии,
astrologian,астролог,astrologians,"Название класса или профессии; в игре со строчной буквы, мужской род для всех.",Классы и профессии,
samurai,самурай,,"Название класса или профессии; в игре со строчной буквы, мужской род для всех. В других значениях слова — по смыслу.",Классы и профессии,
red mage,красный маг,red mages,"Название класса или профессии; в игре со строчной буквы, мужской род для всех.",Классы и профессии,
blue mage,синий маг,blue mages,"Название класса или профессии; в игре со строчной буквы, мужской род для всех.",Классы и профессии,
gunbreaker,ганбрейкер,gunbreakers,"Название класса или профессии; в игре со строчной буквы, мужской род для всех.",Классы и профессии,
dancer,танцор,dancers,"Название класса или профессии; в игре со строчной буквы, мужской род для всех. В других значениях слова — по смыслу.",Классы и профессии,
reaper,жнец,reapers,"Название класса или профессии; в игре со строчной буквы, мужской род для всех. В других значениях слова — по смыслу.",Классы и профессии,
sage,мудрец,sages,"Название класса или профессии; в игре со строчной буквы, мужской род для всех. В других значениях слова — по смыслу.",Классы и профессии,
viper,вайпер,vipers,"Название класса или профессии; в игре со строчной буквы, мужской род для всех. В других значениях слова — по смыслу.",Классы и профессии,
pictomancer,пиктомант,pictomancers,"Название класса или профессии; в игре со строчной буквы, мужской род для всех.",Классы и профессии,
beastmaster,укротитель,beastmasters,"Название класса или профессии; в игре со строчной буквы, мужской род для всех.",Классы и профессии,
Tomestone,Томстоун,,Валюта,Игровые системы,
Triple Triad,тройная триада,,,Игровые системы,
Raen,раен,,,Лор/Народы,
Xaela,зайла,,,Лор/Народы,
Drowning Wench,Тонущий Дельфин,,,Лор/Места,
linkshell,линкшелл,,,Игровые системы,
FATE,F.A.T.E.,,"Аббревиатура, не склоняется и не переводится словом. Пишется «F.A.T.E.» с точкой в конце. В тексте с предлогами: «принять участие в F.A.T.E.», «награда за F.A.T.E.».",Игровые системы,yes
FATEs,F.A.T.E.,,"Аббревиатура, не склоняется и не переводится словом. Пишется «F.A.T.E.» с точкой в конце. В тексте с предлогами: «принять участие в F.A.T.E.», «награда за F.A.T.E.».",Игровые системы,yes
Occult Crescent: North Horn,Северный Рог Оккультного полумесяца,,,Лор/Места,
Kojin,Кодзин,,,Лор/Народы,
Twelveswood,Двенадцатилесье,,,Лор/Места,
Valentione,Валентайна,,,Лор/Понятия,yes
Etheirys,Этерис,,,Лор/Места,yes
House Durendaire,Дюрандэр,,,Лор/Организации,yes
Omicron,Омикрон,,,Лор/Народы,
Moogle,мугл,moogles,,Лор/Народы/Союзные племена,
Amaurot,Амароут,,,Лор/Места,
Hades,Аид,,"Мужчина, древний (Эмет-Селк).",Лор/Персонажи и божества,
Themis,Фемид,,"Мужчина, древний.",Лор/Персонажи и божества,
Revenant's Toll,Звон ревенантов,,,Лор/Места,
Thaumaturges,тауматурги,Thaumaturgeses,,Классы и профессии,
mount,маунт,mounts,"Применять: маунт как игровая механика — ездовое животное или машина игрока, которых получают, призывают и выбирают в интерфейсе: системные сообщения, подсказки, журнал заданий, описания маунтов в коллекции (призовите маунта, скорость маунта, на маунте можно летать). Не применять: верховые животные в речи персонажей и в описаниях мира — там скакун, ездовое животное, лошадь, птица, «по коням» (riders and their mounts, the Xaela flying mounts); глагол (mount up — в седло, mount an attack — пойти в атаку); гора в названиях (Mount Gulg, Mount Rokkon); крепление, чучело и другие значения.",Интерфейс,
Mount Speed,Скорость маунта,,,Интерфейс,
Cross-world Linkshell,межсерверный линкшелл,Cross-world Linkshells,,Интерфейс,
summoning bell,Колокольчик,summoning bells,Колокольчик для вызова ретейнера.,Интерфейс,
job,Профессии,jobs,"Применять: профессия игрока или персонажа как игровая механика (сменить профессию, кристалл профессии); в меню — «Профессии». Не применять: работа, поручение, задание в обычном смысле (a job well done, odd jobs).",Интерфейс,yes
retainer,ретейнер,retainers,"Применять: нанятый игроком помощник, которого вызывают колокольчиком, и всё, что о нём в интерфейсе. Не применять: слуги и вассалы в сюжете (a lord's retainers — слуги, свита).",Интерфейс,
Facewear,Аксессуары для лица,,,Интерфейс,
Adventurer Plate,Профиль персонажа,Adventurer Plates,,Интерфейс,
framer's kit,украшения профиля,framer's kits,,Интерфейс,
Signs,метки цели,,"Применять: метки над целями в интерфейсе. Не применять: знаки, признаки, вывески (signs of the Calamity, a sign over the door).",Интерфейс,yes
Waymarks,метки арены,Waymark,"Применять: метки на земле, которые ставят на арене. Не применять: путевые знаки и указатели в сюжете.",Интерфейс,yes
Lord of Verminion,Лорд Верминьона,,,Интерфейс,
Data Center,Дата-центр,Data Centers,,Интерфейс,
Guildhest,Поручения гильдии,Guildhests,,Интерфейс,
Frontline,Фронтлайн,,"Применять: PvP-режим «Фронтлайн». Не применять: линия фронта, передовая в сюжете.",Интерфейс,yes
Marks,Цели охоты,,"Применять: цели охоты (The Hunt). Не применять: метки, следы, оценки, отметины (marks on the wall).",Интерфейс,yes
squadron chemistry,Слаженность,,,Интерфейс,
Collectables,Диковинки,Collectable,"Применять: диковинки — предметы с ценностью, которые собирают и сдают. Не применять: собирательное «вещи» в обычном тексте.",Интерфейс/Ремесло и сбор,
Collectability,Ценность,,,Интерфейс/Ремесло и сбор,
Custom Deliveries,Специальный заказ,Custom Delivery,,Интерфейс/Ремесло и сбор,
Crafters' Scrip,Жетон ремесленников,Crafters' Scrips,,Интерфейс/Ремесло и сбор,
Gatherers' Scrip,Жетон собирателей,Gatherers' Scrips,,Интерфейс/Ремесло и сбор,
Scrip,Жетон,Scrips,Применять: жетоны как валюта ремесленников и собирателей.,Интерфейс/Ремесло и сбор,yes
Character,Меню персонажа,,"Применять: персонаж игрока как раздел меню и интерфейса; в главном меню — «Меню персонажа». Не применять: характер, натура (a man of good character), действующее лицо в сюжете.",Интерфейс/Персонаж,yes
Stance,Боевая стойка,,"Применять: боевая стойка как умение или статус. Не применять: позиция, мнение (his stance on the matter).",Интерфейс/Персонаж,yes
Actions & Traits,Действия и таланты,,,Интерфейс/Персонаж,
Portraits,Портреты,,Применять: портреты профиля в интерфейсе. Не применять: картины и портреты в сюжете.,Интерфейс/Персонаж,yes
Currency,Валюты,,Применять: раздел меню «Валюты». Не применять: деньги в сюжете.,Интерфейс/Персонаж,yes
Duty,Активности,,"Применять: раздел меню и игровой контент, в который входят через поиск (Duty Finder, duty complete). Не применять: долг, обязанность (it is my duty, on duty — на посту) и слово в названиях заданий и предметов.",Интерфейс/Активности,yes
Collection,Коллекция,,"Применять: раздел меню «Коллекция». Не применять: собрание, сбор вещей в обычном смысле.",Интерфейс/Активности,yes
Key Items,Ключевые предметы,,,Интерфейс/Активности,yes
Journal,Журнал заданий,,"Применять: журнал заданий игрока как пункт меню. Не применять: дневник или записи персонажа, предмет-журнал.",Интерфейс/Активности,yes
Duty Finder,Поиск активностей,,,Интерфейс/Активности,
Raid Finder,Поиск рейдов,,,Интерфейс/Активности,
V&C Dungeon Finder,V&C подземелья,,,Интерфейс/Активности,
Duty Support,Подземелья с НИП,,,Интерфейс/Активности,
Duty Action,Действие задания,Duty Actions,"Особые действия внутри активности: кнопки и панель (Duty Action I, Duty Actions II — «Действие задания I», «Действия задания II»).",Интерфейс/Активности,
Duty List,Список целей,,Панель с целями текущего задания или активности на экране.,Интерфейс/Активности,
Trust,Соратники,,"Применять: режим подземелий с соратниками-NPC (Trust — «Соратники»). Не применять: доверие (I trust you, trust in the Twelve).",Интерфейс/Активности,yes
Logs,Журналы,,"Применять: раздел меню «Журналы». Не применять: брёвна, записи в сюжете.",Интерфейс/Журналы,yes
hunting log,журнал охоты,,,Интерфейс/Журналы,
Sightseeing Log,Журнал достопримечательностей,,,Интерфейс/Журналы,
Crafting Log,Журнал рецептов,,,Интерфейс/Журналы,
Gathering Log,Журнал сбора,,,Интерфейс/Журналы,
Fishing Log,Журнал рыбака,,,Интерфейс/Журналы,
Fish Guide,Справочник рыб,,,Интерфейс/Журналы,
Orchestrion List,Список музыкальных свитков,,,Интерфейс/Журналы,
Challenge Log,Недельные испытания,,,Интерфейс/Журналы,
Social,Социум,,"Применять: раздел меню. Не применять: общественный, светский в обычном тексте.",Интерфейс/Социум,yes
Player Search,Поиск игроков,,,Интерфейс/Социум,
Fellowship Finder,Поиск сообщества,,,Интерфейс/Социум,
Fellowship,Сообщество,Fellowships,"Применять: сообщество игроков как система. Не применять: дружба, братство в сюжете.",Интерфейс/Социум,yes
Emotes,Эмоции,Emote,Применять: эмоции персонажа игрока как действия в интерфейсе.,Интерфейс/Социум,yes
Free Company,Вольная компания,Free Companies,,Интерфейс/Социум,
Housing,Жильё,,"Применять: игровое жильё, участки и квартиры как система и раздел меню. Не применять: жильё и постройки в сюжете.",Интерфейс/Социум,yes
Registrable Miscellany,Коллекционные предметы,,,Интерфейс/Коллекционные предметы,
Barding,Сбруя,Bardings,Применять: сбруя чокобо как предмет и раздел коллекции.,Интерфейс/Коллекционные предметы,yes
Horn,Рог,,"Применять: раздел коллекционных предметов. Не применять: рог животного, музыкальный рог, части названий (North Horn).",Интерфейс/Коллекционные предметы,yes
Whistle,Свисток,,Применять: свисток вызова маунта как раздел коллекции. Не применять: свист и свистки в сюжете.,Интерфейс/Коллекционные предметы,yes
Identification Key,Ключ идентификации,Identification Keys,,Интерфейс/Коллекционные предметы,
Parasol,Зонтик,Parasols,Применять: зонтик как раздел коллекции и предмет.,Интерфейс/Коллекционные предметы,yes
The Faces We Wear,Стильные штучки,,,Интерфейс/Коллекционные предметы,
Ballroom Etiquette,Этикет в кармане,,,Интерфейс/Коллекционные предметы,
Modern Aesthetics,Модный образ,,,Интерфейс/Коллекционные предметы,
Armor,Снаряжение,,Применять: категория снаряжения в интерфейсе. Не применять: броня и доспехи в сюжете и названиях предметов.,Интерфейс/Снаряжение,yes
Shields,Щиты,,"Применять: категория снаряжения в интерфейсе. Не применять: щиты в сюжете, защитные барьеры, названия умений.",Интерфейс/Снаряжение,yes
Head,Голова,,Применять: ячейка снаряжения в интерфейсе. Не применять: часть тела и переносные значения в обычном тексте.,Интерфейс/Снаряжение,yes
Body,Тело,,Применять: ячейка снаряжения в интерфейсе. Не применять: часть тела и переносные значения в обычном тексте.,Интерфейс/Снаряжение,yes
Hands,Руки,,Применять: ячейка снаряжения в интерфейсе. Не применять: часть тела и переносные значения в обычном тексте.,Интерфейс/Снаряжение,yes
Legs,Ноги,,Применять: ячейка снаряжения в интерфейсе. Не применять: часть тела и переносные значения в обычном тексте.,Интерфейс/Снаряжение,yes
Feet,Обувь,,Применять: ячейка снаряжения в интерфейсе. Не применять: часть тела и переносные значения в обычном тексте.,Интерфейс/Снаряжение,yes
Earrings,Серьги,,Применять: ячейка снаряжения в интерфейсе. Не применять: часть тела и переносные значения в обычном тексте.,Интерфейс/Снаряжение,yes
Necklace,Ожерелья,,Применять: ячейка снаряжения в интерфейсе. Не применять: часть тела и переносные значения в обычном тексте.,Интерфейс/Снаряжение,yes
Bracelets,Браслеты,,Применять: ячейка снаряжения в интерфейсе. Не применять: часть тела и переносные значения в обычном тексте.,Интерфейс/Снаряжение,yes
Rings,Кольца,,Применять: ячейка снаряжения в интерфейсе. Не применять: часть тела и переносные значения в обычном тексте.,Интерфейс/Снаряжение,yes
Purchase Battlecraft Accessories,Купить аксессуары для боевых классов,,,Интерфейс/Торговцы,
Purchase Fieldcraft/Tradecraft Accessories,Купить аксессуары для ремесленников и собирателей,,,Интерфейс/Торговцы,
splendors vendor,Торговец редкостями,,,Интерфейс/Торговцы,
Scrip Exchange,Обмен жетонов,,,Интерфейс/Торговцы,
Collectable Appraiser,Скупщик диковинок,,,Интерфейс/Торговцы,
Merchant & Mender,Покупка и ремонт снаряжения,,,Интерфейс/Торговцы,
Gemstone Trader,Обмен самоцветов,,,Интерфейс/Торговцы,
Materia Melder,Мастер по вставке материи,,,Интерфейс/Торговцы,
Materia Vendor,Торговец материей,,,Интерфейс/Торговцы,
Alisaie,Ализе,,Женщина. «Ализе» не склоняется. Сестра-близнец Альфино.,Лор/Персонажи и божества,yes
Almet,Альмет,,,Лор/Персонажи и божества,yes
Alphinaud,Альфино,,Мужчина. «Альфино» не склоняется.,Лор/Персонажи и божества,yes
Ardbert,Ардберд,,Мужчина.,Лор/Персонажи и божества,yes
Artemis,Артемида,,"Женщина, древняя (Elpis).",Лор/Персонажи и божества,yes
Athena,Афина,,"Женщина, древняя.",Лор/Персонажи и божества,yes
Azem,Азем,,Пост в Совете четырнадцати; пол не определён — без родовых окончаний.,Лор/Персонажи и божества,yes
Baelsar,Бельсар,,Фамилия Гая; полностью — ван Бельсар.,Лор/Персонажи и божества,yes
Baldesion,Бальдезион,,Шарлаянский учёный; Ученики Бальдезиона.,Лор/Персонажи и божества,yes
Biggs,Биггс,,Мужчина.,Лор/Персонажи и божества,yes
Bismark,Бисмарк,Bismarck,"Праймал, небесный кит.",Лор/Персонажи и божества,yes
Blessed,Благословлённые,,Краткое от Night Blessed (Благословлённые ночью).,Лор/Организации,yes
Bragi,Браги,,,Лор/Персонажи и божества,yes
Branden,Бранден,,Мужчина.,Лор/Персонажи и божества,yes
Cassard,Кассард,,Мужчина.,Лор/Персонажи и божества,yes
Chai Nuzz,Чай Назз,,Мужчина.,Лор/Персонажи и божества,yes
Children of the Everlasting Dark,Дети Вечной Тьмы,,,Лор/Организации,yes
Cid Garlond,Сид Гарлонд,,Мужчина.,Лор/Персонажи и божества,yes
Cloud of Darkness,Облако Тьмы,,,Лор/Персонажи и божества,yes
Crystal Exarch,Кристальный Экзарх,,"Титул, мужчина.",Лор/Персонажи и божества,yes
Cymet,Саймет,,,Лор/Персонажи и божества,yes
Dulia Chai,Дулия Чай,,Женщина.,Лор/Персонажи и божества,yes
Elidibus,Элидибус,,"Мужчина, асианец.",Лор/Персонажи и божества,yes
Emet-Selch,Эмет-Селк,,"Мужчина, асианец.",Лор/Персонажи и божества,yes
Erichthonios,Эрихтоний,,Мужчина.,Лор/Персонажи и божества,yes
Estinien,Эстиниен,,Мужчина.,Лор/Персонажи и божества,yes
Exarch,Экзарх,,"Титул, мужчина (Кристальный Экзарх).",Лор/Персонажи и божества,yes
F’lhaminn,Ф'ламинн,F'lhaminn,Женщина.,Лор/Персонажи и божества,yes
Fandaniel,Фанданиэль,,"Мужчина, асианец.",Лор/Персонажи и божества,yes
Faux Commander,Мистер Фо,,,Лор/Персонажи и божества,yes
Feo Ul,Фео Уль,,"Пикси; пол в переводе не решён — без родовых окончаний, пока команда не решит.",Лор/Персонажи и божества,yes
G’raha Tia,Г'раха Тиа,G'raha Tia; G'raha,Мужчина.,Лор/Персонажи и божества,yes
Gaia,Гея,,Женщина. Асианское имя — Логриф.,Лор/Персонажи и божества,yes
Gaius,Гай,,Мужчина; полностью — Гай ван Бельсар.,Лор/Персонажи и божества,yes
Gaius van Baelsar,Гай ван Бельсар,,Мужчина.,Лор/Персонажи и божества,yes
Ghen Gen,Ген Ген,,,Лор/Персонажи и божества,yes
Glynard,Глинард,,Мужчина.,Лор/Персонажи и божества,yes
Gods' Quiver,Колчан Богов,,Кочевой отряд лучников (Двенадцать богов — во мн. ч.).,Лор/Организации,yes
Good King Moggle Mog,Добрый король Мугл Мог,,Праймал муглов.,Лор/Персонажи и божества,yes
Grithil,Гритил,,,Лор/Персонажи и божества,yes
Guthjon,Гутьён,,Мужчина.,Лор/Персонажи и божества,yes
Halric,Хальрик,,Мужчина.,Лор/Персонажи и божества,yes
Hephaistos,Гефест,,"Мужчина, древний.",Лор/Персонажи и божества,yes
Hermes,Гермес,,"Мужчина, древний.",Лор/Персонажи и божества,yes
Hydaelyn,Хайделин,,Женщина; богиня-покровительница Звезды.,Лор/Персонажи и божества,yes
Hytlodaeus,Гитлодей,,"Мужчина, древний.",Лор/Персонажи и божества,yes
Irvithe,Ирвит,,,Лор/Персонажи и божества,yes
Jessie,Джесси,,Женщина.,Лор/Персонажи и божества,yes
Kaishirr,Кайшир,,Мужчина.,Лор/Персонажи и божества,yes
Katliss,Катлисс,,Женщина.,Лор/Персонажи и божества,yes
Khloe Aliapoh,Хлоя Алиапо,,Девочка. «Алиапо» не склоняется.,Лор/Персонажи и божества,yes
Krile,Крайль,,"Женщина. Склоняется: Крайли, Крайль (как «мышь»).",Лор/Персонажи и божества,yes
Lahabrea,Лахабрея,,"Мужчина, асианец.",Лор/Персонажи и божества,yes
Lamitt,Ламит,,,Лор/Персонажи и божества,yes
Leveilleur,Левейёр,,Фамилия Альфино и Ализе; не склоняется.,Лор/Персонажи и божества,yes
Loghrif,Логриф,,Женщина; асианский титул Геи.,Лор/Персонажи и божества,yes
Louisoix,Луизуа,,Мужчина. «Луизуа» не склоняется.,Лор/Персонажи и божества,yes
Lyna,Лина,,Женщина.,Лор/Персонажи и божества,yes
Magnus,Магнус,,Мужчина.,Лор/Персонажи и божества,yes
Master Matoya,Госпожа Матоя,Matoya,Женщина.,Лор/Персонажи и божества,yes
Minfilia,Минфилия,,Женщина.,Лор/Персонажи и божества,yes
Minnine,Миннин,,,Лор/Персонажи и божества,yes
Mitron,Митрон,,"Мужчина, древний.",Лор/Персонажи и божества,yes
Moren,Морэн,,"Пол проверить по тексту (в таблице предполагают, что женщина).",Лор/Персонажи и божества,yes
Mother Miounne,Матушка Миунна,Miounne,Женщина.,Лор/Персонажи и божества,yes
Nero tol Scaeva,Неро тол Скаева,,Мужчина.,Лор/Персонажи и божества,yes
Night Blessed,Благословлённые ночью,Night's Blessed,,Лор/Организации,yes
Nyelbert,Ньелберт,,Мужчина.,Лор/Персонажи и божества,yes
Oracle of Light,Оракул света,,Титул; без родовых окончаний.,Лор/Персонажи и божества,yes
Oulsigum,Ульсигум,,,Лор/Персонажи и божества,yes
Oulsigun,Ульсигун,,,Лор/Персонажи и божества,yes
Papalymo,Папалимо,,Мужчина. «Папалимо» не склоняется.,Лор/Персонажи и божества,yes
Ran’jit,Ран'жит,Ran'jit,Мужчина.,Лор/Персонажи и божества,yes
Renda-Rae,Ренда-Рэй,,Женщина.,Лор/Персонажи и божества,yes
Rhon Ron,Рон Рон,,,Лор/Персонажи и божества,yes
Runar,Рунар,,Мужчина.,Лор/Персонажи и божества,yes
Ryne,Рин,,Девушка.,Лор/Персонажи и божества,yes
Seto,Сето,,"Амаро, самец.",Лор/Персонажи и божества,yes
Shadowhunter,Истребитель теней,,Прозвище Ардберда.,Лор/Персонажи и божества,yes
Skuli,Скули,,,Лор/Персонажи и божества,yes
Solus zos Galvus,Солус зос Гальвус,,"Мужчина, император.",Лор/Персонажи и божества,yes
Suluin,Сулуин,,,Лор/Персонажи и божества,yes
Tataru,Татару,,Женщина. «Татару» не склоняется.,Лор/Персонажи и божества,yes
Tesleen,Тэслин,,Женщина.,Лор/Персонажи и божества,yes
Thaffe,Таффи,,,Лор/Персонажи и божества,yes
Thancred,Танкред,,Мужчина.,Лор/Персонажи и божества,yes
the Convocation of Fourteen,Совет четырнадцати,Convocation of Fourteen; the Convocation,,Лор/Организации,yes
the Elder Seedseer,Старшая Провидица,Elder Seedseer,Титул Кан-Э-Сенны.,Лор/Персонажи и божества,yes
Theva,Тэва,,,Лор/Персонажи и божества,yes
Titania,Титания,,,Лор/Персонажи и божества,yes
Toddia,Тоддия,,,Лор/Персонажи и божества,yes
Uimet,Уимет,,,Лор/Персонажи и божества,yes
Urianger Augurelt,Урианже Огюрель,,Мужчина. «Урианже» не склоняется.,Лор/Персонажи и божества,yes
van Baelsar,ван Бельсар,,,Лор/Персонажи и божества,
Varis,Варис,,"Мужчина, император.",Лор/Персонажи и божества,yes
Vauthry,Вотри,,Мужчина.,Лор/Персонажи и божества,yes
Venat,Венат,,"Женщина, древняя.",Лор/Персонажи и божества,yes
Warrior of Darkness,Воин тьмы,Warriors of Darkness,,Лор/Понятия,yes
Wedge,Ведж,,Мужчина.,Лор/Персонажи и божества,yes
Wood Wailers,Лесные Стражи,,Стража Гридании.,Лор/Организации,yes
Xande,Ксанде,,"Мужчина, император Аллага.",Лор/Персонажи и божества,yes
Yda,Ида,,Женщина.,Лор/Персонажи и божества,yes
Y'shtola Rhul,Я'Штола Рул,,Женщина.,Лор/Персонажи и божества,yes
Yotsuyu,Ёцую,,Женщина. «Ёцую» не склоняется.,Лор/Персонажи и божества,yes
Ysayle Dangoulain,Изейль Дангулен,,Женщина.,Лор/Персонажи и божества,yes
Ysiala,Исиала,,Женщина.,Лор/Персонажи и божества,yes
Zenos,Зенос,,Мужчина.,Лор/Персонажи и божества,yes
Zodiark,Зодиарк,,,Лор/Персонажи и божества,yes
Rowena's House of Splendors,«Дом великолепия Ровены»,,,Лор/Места/Мор Дона,yes
Ala Mhigan,ала-мигойский,,прилагательное от Ala Mhigo (Ала Миго),Лор/Места,yes
Ala Mhigo,Ала Миго,,,Лор/Места,yes
Amh Araeng,Ам Аранг,,,Лор/Места,yes
Amh Malik,Ам Малик,,,Лор/Места,yes
Amity,Единение,,,Лор/Места,yes
Bright Cliff,Светлый утёс,,,Лор/Места,yes
Citia,Ситтия,,,Лор/Места,yes
Clave,Клейв,,,Лор/Места,yes
Crystal Tower,Кристальная башня,,,Лор/Места,yes
Crystarium,Кристариум,,,Лор/Места,yes
Eulmore,Юлмор,,,Лор/Места,yes
Fanow,Лесной приют,,,Лор/Места,yes
Garlemald,Гарлемальд,,,Лор/Места,yes
Gatetown,Город у врат,,,Лор/Места,yes
Ghimlyt Dark,Тёмные земли Гимлита,,,Лор/Места,yes
Gold Saucer,Золотое блюдце,,,Лор/Места,yes
Hills of Amber,Янтарные холмы,,,Лор/Места,yes
Holminster Switch,Перевал Хольминстер,,,Лор/Места,yes
Il Mheg,Иль-Мег,,,Лор/Места,yes
Ishgardian,ишгардский,,житель — ишгардец,Лор/Места,yes
Kholusia,Холусия,,,Лор/Места,yes
Lakeland,Озёрный край,,описательное название переводится,Лор/Места,yes
Laxan Loft,Лаксанские Высоты,,,Лор/Места,yes
Lydha Lran,Лейда-Лран,,,Лор/Места,yes
Lyhe Ghiah,Лье-Гиа,,,Лор/Места,yes
Mord Souq,Морд-Сук,,,Лор/Места,yes
Mount Garik,Гора Гарик,,,Лор/Места,yes
Mt. Gulg,Гора Гулг,,,Лор/Места,yes
Musica Universalis,Музыка сфер,,,Лор/Места,yes
Nabaath Areng,Набаат-Аранг,,,Лор/Места,yes
Norvrandt,Новранд,,,Лор/Места,yes
Ocular,Чертоги Ока,,,Лор/Места,yes
Open Arms,Распростёртые объятия,,,Лор/Места,yes
Qitana Ravel,Лабиринт Китана,,,Лор/Места,yes
Rak’tika,Рак'тика,,,Лор/Места,yes
Ronka,Ронка,,,Лор/Места,yes
Silvertear Lake,Озеро Серебряных Слёз,,,Лор/Места,yes
Slitherbough,Змеиная ветвь,,,Лор/Места,yes
Tempest,Пучина,,,Лор/Места,yes
the First,Первый,,,Лор/Места,yes
the Tangle,Сплетение,,,Лор/Места,yes
Umbilicus,Средоточие,,,Лор/Места,yes
Voeburt,Вобурт,,,Лор/Места,yes
Woven Oath,Сплетённая клятва,,,Лор/Места,yes
Wright,Райт,,,Лор/Места,yes
Yx’Maja,Икс'Майя,,,Лор/Места,yes
Vylbrand,Вилбранд,,,Лор/Места,yes
Gelmorra,Гельморра,,,Лор/Места,yes
Lifemend Stump,Пень исцеления,,,Лор/Места,yes
Ok' Zundu,Ок' Зунду,,,Лор/Места,yes
Palace of the Dead,Дворец мёртвых,,,Лор/Места,yes
Adventurers' Guild,Гильдия авантюристов,,,Игровые системы,yes
Airship Landing,Посадочная площадка,,,Игровые системы,yes
Chocobo Porter,Проводник на чокобо,,,Игровые системы,yes
Chocobokeep,Смотритель стойл,,,Игровые системы,yes
Summoning Stone,Камень призыва,,,Игровые системы,yes
Falcon Porter,Проводник на соколе,,,Игровые системы,yes
Amarokeep,Смотритель амаро,,,Игровые системы,yes
Delivery Moogle,Почтовый мугл,,,Игровые системы,yes
Ferry Docks,Паромная пристань,,,Игровые системы,yes
La Noscea,Ла Носка,,,Лор/Места/Ла-Носкея,yes
Limsa Lominsa,Лимса Ломинса,,,Лор/Места/Ла-Носкея/Лимса Ломинса,yes
Limsa Lominsa Lower Decks,Лимса Ломинса: нижние палубы,,,Лор/Места/Ла-Носкея/Лимса Ломинса,yes
Mealvaan's Gate,Врата Мелваана,,,Лор/Места/Ла-Носкея/Лимса Ломинса,yes
Arcanists' Guild,Гильдия арканистов,,,Лор/Места/Ла-Носкея/Лимса Ломинса,yes
East Hawkers' Alley,Восточный торговый переулок,,,Лор/Места/Ла-Носкея/Лимса Ломинса,yes
Hawkers' Round,Торговая площадь,,,Лор/Места/Ла-Носкея/Лимса Ломинса,yes
Hawkers' Alley,Торговый переулок,,,Лор/Места/Ла-Носкея/Лимса Ломинса,yes
West Hawkers' Alley,Западный торговый переулок,,,Лор/Места/Ла-Носкея/Лимса Ломинса,yes
Limsa Lominsa Aetheryte Plaza,Площадь эфирита Лимсы Ломинсы,,,Лор/Места/Ла-Носкея/Лимса Ломинса,yes
the Octant,Октант,,,Лор/Места/Ла-Носкея/Лимса Ломинса,yes
Bulwark Hall,Зал Последнего Рубежа,,,Лор/Места/Ла-Носкея/Лимса Ломинса,yes
Crow's Lift,Вороний подъёмник,,,Лор/Места/Ла-Носкея/Лимса Ломинса,yes
Zephyr Gate,Врата Зефира,,,Лор/Места/Ла-Носкея/Лимса Ломинса,yes
Fisherman's Bottom,Рыбацкая пристань,,,Лор/Места/Ла-Носкея/Лимса Ломинса,yes
Fishermen's Guild,Гильдия рыбаков,,,Лор/Места/Ла-Носкея/Лимса Ломинса,yes
the Astalicia,«Асталиция»,,корабль,Лор/Места/Ла-Носкея/Лимса Ломинса,yes
Lominsan Ferry Docks,Паромная пристань Лимсы,,,Лор/Места/Ла-Носкея/Лимса Ломинса,yes
the Dutiful Sisters of the Edelweiss,Благочестивые сёстры Эдельвейса,,,Лор/Места/Ла-Носкея/Лимса Ломинса,yes
Rogues' Guild,Гильдия воров,,,Лор/Места/Ла-Носкея/Лимса Ломинса,yes
Limsa Lominsa Upper Decks,Лимса Ломинса: верхние палубы,,,Лор/Места/Ла-Носкея/Лимса Ломинса,yes
Coral Tower,Коралловая башня,,,Лор/Места/Ла-Носкея/Лимса Ломинса,yes
Marauder's Guild,Гильдия мародёров,,,Лор/Места/Ла-Носкея/Лимса Ломинса,yes
the Seventh Sage,«Седьмой мудрец»,,таверна,Лор/Места/Ла-Носкея/Лимса Ломинса,yes
the Bismarck,«Бисмарк»,,ресторан,Лор/Места/Ла-Носкея/Лимса Ломинса,yes
Culinarians' Guild,Гильдия кулинаров,,,Лор/Места/Ла-Носкея/Лимса Ломинса,yes
Maelstrom Command,Штаб Водоворота,,,Лор/Места/Ла-Носкея/Лимса Ломинса,yes
Maelstrom Barracks,Казармы Водоворота,,,Лор/Места/Ла-Носкея/Лимса Ломинса,yes
the Hyaline,Гиалин,,,Лор/Места/Ла-Носкея/Лимса Ломинса,yes
the Aftcastle,Ют,,,Лор/Места/Ла-Носкея/Лимса Ломинса,yes
the Missing Member,«Пропавший соратник»,,,Лор/Места/Ла-Носкея/Лимса Ломинса,yes
Naldiq & Vymelli's,«Налдик и Вимелли»,,,Лор/Места/Ла-Носкея/Лимса Ломинса,yes
Blacksmiths' Guild,Гильдия кузнецов,,,Лор/Места/Ла-Носкея/Лимса Ломинса,yes
Armorers' Guild,Гильдия бронников,,,Лор/Места/Ла-Носкея/Лимса Ломинса,yes
Anchor Yard,Якорный двор,,,Лор/Места/Ла-Носкея/Лимса Ломинса,yes
Tempest Gate,Врата Бури,,,Лор/Места/Ла-Носкея/Лимса Ломинса,yes
the Drowning Wench,«Тонущая девица»,,таверна,Лор/Места/Ла-Носкея/Лимса Ломинса,yes
Mizzenmast Inn,Постоялый двор «Мизен-мачта»,,,Лор/Места/Ла-Носкея/Лимса Ломинса,yes
Lower La Noscea,Нижняя Ла-Носкея,,,Лор/Места/Ла-Носкея/Нижняя Ла-Носкея,yes
Moraby Bay,Залив Мораби,,,Лор/Места/Ла-Носкея/Нижняя Ла-Носкея,yes
Oschon's Embrace,Объятия Ошона,,,Лор/Места/Ла-Носкея/Нижняя Ла-Носкея,yes
Madman Bridge,Мост Безумца,,,Лор/Места/Ла-Носкея/Нижняя Ла-Носкея,yes
the Eyes,Скалы-Глаза,,,Лор/Места/Ла-Носкея/Нижняя Ла-Носкея,yes
the Mourning Widow,Скорбящая вдова,,,Лор/Места/Ла-Носкея/Нижняя Ла-Носкея,yes
La Thagran Eastroad,Восточный тракт Ла-Таграна,,,Лор/Места/Ла-Носкея/Нижняя Ла-Носкея,yes
Cedarwood,Кедровый лес,,,Лор/Места/Ла-Носкея/Нижняя Ла-Носкея,yes
Red Rooster Stead,Усадьба Красного петуха,,,Лор/Места/Ла-Носкея/Нижняя Ла-Носкея,yes
Blind Iron Mines,Шахты Слепого железа,,,Лор/Места/Ла-Носкея/Нижняя Ла-Носкея,yes
the Grey Fleet,Серый флот,,,Лор/Места/Ла-Носкея/Нижняя Ла-Носкея,yes
House of Sticks,Дом из палок,,,Лор/Места/Ла-Носкея/Нижняя Ла-Носкея,yes
the Gods' Grip,Хватка богов,,,Лор/Места/Ла-Носкея/Нижняя Ла-Носкея,yes
Empty Heart,Пустое сердце,,,Лор/Места/Ла-Носкея/Нижняя Ла-Носкея,yes
the Salt Strand,Солёный берег,,,Лор/Места/Ла-Носкея/Нижняя Ла-Носкея,yes
Candlekeep Quay,Причал Свечной башни,,,Лор/Места/Ла-Носкея/Нижняя Ла-Носкея,yes
Candlekeep Quay Ferry,Паром у причала Свечной башни,,,Лор/Места/Ла-Носкея/Нижняя Ла-Носкея,yes
Oschon's Torch,Факел Ошона,,,Лор/Места/Ла-Носкея/Нижняя Ла-Носкея,yes
Moraby Drydocks,Сухие доки Мораби,,,Лор/Места/Ла-Носкея/Нижняя Ла-Носкея,yes
Moraby Drydocks Landing,Посадочная площадка у доков Мораби,,,Лор/Места/Ла-Носкея/Нижняя Ла-Носкея,yes
Middle La Noscea,Центральная Ла-Носкея,,,Лор/Места/Ла-Носкея/Центральная Ла-Носкея,yes
Zephyr Drift,Зефирный дрейф,,,Лор/Места/Ла-Носкея/Центральная Ла-Носкея,yes
La Thagran Checkpoint,Застава Ла-Таграна,,,Лор/Места/Ла-Носкея/Центральная Ла-Носкея,yes
Summerford,Саммерфорд,,,Лор/Места/Ла-Носкея/Центральная Ла-Носкея,yes
Rogue River,Разбойничья река,,,Лор/Места/Ла-Носкея/Центральная Ла-Носкея,yes
Agelyss River,Река Агелисс,,,Лор/Места/Ла-Носкея/Центральная Ла-Носкея,yes
Seasong Grotto,Грот Морской песни,,,Лор/Места/Ла-Носкея/Центральная Ла-Носкея,yes
the Cookpot,Котелок,,,Лор/Места/Ла-Носкея/Центральная Ла-Носкея,yes
Tiller's Rest,Приют пахаря,,,Лор/Места/Ла-Носкея/Центральная Ла-Носкея,yes
Summerford Farms,Фермы Саммерфорда,,,Лор/Места/Ла-Носкея/Центральная Ла-Носкея,yes
Three-malm Bend,Излучина в три мальма,,,Лор/Места/Ла-Носкея/Центральная Ла-Носкея,yes
the Descent,Спуск,,,Лор/Места/Ла-Носкея/Центральная Ла-Носкея,yes
Nym River,Река Ним,,,Лор/Места/Ла-Носкея/Центральная Ла-Носкея,yes
Skylift,Небесный подъёмник,,,Лор/Места/Ла-Носкея/Центральная Ла-Носкея,yes
Woad Whisper Canyon,Каньон Вайдового шёпота,,,Лор/Места/Ла-Носкея/Центральная Ла-Носкея,yes
Foremast,Фок-мачта,,,Лор/Места/Ла-Носкея/Центральная Ла-Носкея,yes
De Nevelle Checkpoint,Застава де Невель,,,Лор/Места/Ла-Носкея/Центральная Ла-Носкея,yes
Eastern La Noscea,Восточная Ла-Носкея,,,Лор/Места/Ла-Носкея/Восточная Ла-Носкея,yes
Bloodshore,Кровавый берег,,,Лор/Места/Ла-Носкея/Восточная Ла-Носкея,yes
Gullperch Tower,Башня Чаячий насест,,,Лор/Места/Ла-Носкея/Восточная Ла-Носкея,yes
Isle of Endless Summer,Остров Вечного лета,,,Лор/Места/Ла-Носкея/Восточная Ла-Носкея,yes
the Garlok's Lair,Логово Гарлока,,,Лор/Места/Ла-Носкея/Восточная Ла-Носкея,yes
Hidden Falls,Скрытый водопад,,,Лор/Места/Ла-Носкея/Восточная Ла-Носкея,yes
Hidden Falls Docks,Пристань у Скрытого водопада,,,Лор/Места/Ла-Носкея/Восточная Ла-Носкея,yes
the Rhotano Privateer,«Корсар Ротано»,,корабль,Лор/Места/Ла-Носкея/Восточная Ла-Носкея,yes
North Isle of Endless Summer,Северный остров Вечного лета,,,Лор/Места/Ла-Носкея/Восточная Ла-Носкея,yes
Costa del Sol,Коста-дель-Соль,,,Лор/Места/Ла-Носкея/Восточная Ла-Носкея,yes
Costa del Sol Ferry Docks,Паромная пристань Коста-дель-Соль,,,Лор/Места/Ла-Носкея/Восточная Ла-Носкея,yes
Raincatcher Gully,Овраг Дожделовов,,,Лор/Места/Ла-Носкея/Восточная Ла-Носкея,yes
the Severed String,Оборванная нить,,,Лор/Места/Ла-Носкея/Восточная Ла-Носкея,yes
Red Mantis Falls,Водопад Красного богомола,,,Лор/Места/Ла-Носкея/Восточная Ла-Носкея,yes
Raincatcher Gully Docks,Пристань оврага Дожделовов,,,Лор/Места/Ла-Носкея/Восточная Ла-Носкея,yes
Brayflox's Longstop,Долгий привал Брейфлокса,,,Лор/Места/Ла-Носкея/Восточная Ла-Носкея,yes
the Juggernaut,Джаггернаут,,,Лор/Места/Ла-Носкея/Восточная Ла-Носкея,yes
Wineport,Вайнпорт,,,Лор/Места/Ла-Носкея/Восточная Ла-Носкея,yes
Wineport Aetheryte,Эфирит Вайнпорта,,,Лор/Места/Ла-Носкея/Восточная Ла-Носкея,yes
Agelyss Wise,Агелисская пойма,,,Лор/Места/Ла-Носкея/Восточная Ла-Носкея,yes
Castrum Occidens,Каструм Окциденс,,,Лор/Места/Ла-Носкея/Восточная Ла-Носкея,yes
Western La Noscea,Западная Ла-Носкея,,,Лор/Места/Ла-Носкея/Западная Ла-Носкея,yes
Quarterstone,Четвертной камень,,,Лор/Места/Ла-Носкея/Западная Ла-Носкея,yes
the Flock,Стая,,,Лор/Места/Ла-Носкея/Западная Ла-Носкея,yes
the Brewer's Beacon,Маяк пивоваров,,,Лор/Места/Ла-Носкея/Западная Ла-Носкея,yes
Swiftperch,Быстрый насест,,,Лор/Места/Ла-Носкея/Западная Ла-Носкея,yes
Skull Valley,Долина черепов,,,Лор/Места/Ла-Носкея/Западная Ла-Носкея,yes
Camp Skull Valley,Лагерь «Долина черепов»,,,Лор/Места/Ла-Носкея/Западная Ла-Носкея,yes
the Founder's Crypt,Склеп Основателя,,,Лор/Места/Ла-Носкея/Западная Ла-Носкея,yes
North Tidegate,Северные приливные врата,,,Лор/Места/Ла-Носкея/Западная Ла-Носкея,yes
South Tidegate,Южные приливные врата,,,Лор/Места/Ла-Носкея/Западная Ла-Носкея,yes
Sastasha,Састаша,,,Лор/Места/Ла-Носкея/Западная Ла-Носкея,yes
Aleport,Эльпорт,,,Лор/Места/Ла-Носкея/Западная Ла-Носкея,yes
Aleport Aetheryte,Эфирит Эльпорта,,,Лор/Места/Ла-Носкея/Западная Ла-Носкея,yes
Aleport Docks,Пристань Эльпорта,,,Лор/Места/Ла-Носкея/Западная Ла-Носкея,yes
the Isles of Umbra,Острова Умбры,,,Лор/Места/Ла-Носкея/Западная Ла-Носкея,yes
Isle of Umbra Docks,Пристань острова Умбры,,,Лор/Места/Ла-Носкея/Западная Ла-Носкея,yes
the Ship Graveyard,Кладбище кораблей,,,Лор/Места/Ла-Носкея/Западная Ла-Носкея,yes
Pharos Sirius,Фарос Сириус,,,Лор/Места/Ла-Носкея/Западная Ла-Носкея,yes
Halfstone,Полукамень,,,Лор/Места/Ла-Носкея/Западная Ла-Носкея,yes
Sahagin Landbase,Лагерь сахагинов,,,Лор/Места/Ла-Носкея/Западная Ла-Носкея,yes
Novv's Nursery,Ясли Новва,,,Лор/Места/Ла-Носкея/Западная Ла-Носкея,yes
the Serpent's Tongue,Язык змея,,,Лор/Места/Ла-Носкея/Западная Ла-Носкея,yes
Sapsa Spawning Grounds,Нерестилище Сапсы,,,Лор/Места/Ла-Носкея/Западная Ла-Носкея,yes
the Reef of Sending,Риф проводов,,,Лор/Места/Ла-Носкея/Западная Ла-Носкея,yes
Reaver Hide,Логово налётчиков,,,Лор/Места/Ла-Носкея/Западная Ла-Носкея,yes
Galadion Bay,Залив Галадион,,,Лор/Места/Ла-Носкея/Западная Ла-Носкея,yes
Moonshade Isle,Остров лунной тени,,,Лор/Места/Ла-Носкея/Западная Ла-Носкея,yes
Upper La Noscea,Верхняя Ла-Носкея,,,Лор/Места/Ла-Носкея/Верхняя Ла-Носкея,yes
Bronze Lake,Бронзовое озеро,,,Лор/Места/Ла-Носкея/Верхняя Ла-Носкея,yes
Jijiroon's Trading Post,Торговый пост Джиджируна,,,Лор/Места/Ла-Носкея/Верхняя Ла-Носкея,yes
Jijiroon's Trading Post Ferry,Паром у торгового поста Джиджируна,,,Лор/Места/Ла-Носкея/Верхняя Ла-Носкея,yes
the Wanderer's Palace,Дворец скитальца,,,Лор/Места/Ла-Носкея/Верхняя Ла-Носкея,yes
Bronze Lake Shallows,Мелководье Бронзового озера,,,Лор/Места/Ла-Носкея/Верхняя Ла-Носкея,yes
Camp Bronze Lake,Лагерь «Бронзовое озеро»,,,Лор/Места/Ла-Носкея/Верхняя Ла-Носкея,yes
Zelma's Run,Тропа Зельмы,,,Лор/Места/Ла-Носкея/Верхняя Ла-Носкея,yes
the Navel,Пуп,,,Лор/Места/Ла-Носкея/Верхняя Ла-Носкея,yes
Oakwood,Дубовый лес,,,Лор/Места/Ла-Носкея/Верхняя Ла-Носкея,yes
Thalaos,Талаос,,,Лор/Места/Ла-Носкея/Верхняя Ла-Носкея,yes
Poor Maid's Mill,Мельница Бедной девушки,,,Лор/Места/Ла-Носкея/Верхняя Ла-Носкея,yes
Memeroon's Trading Post,Торговый пост Мемеруна,,,Лор/Места/Ла-Носкея/Верхняя Ла-Носкея,yes
Memeroon's Trading Post Ferry,Паром у торгового поста Мемеруна,,,Лор/Места/Ла-Носкея/Верхняя Ла-Носкея,yes
Fool Falls,Водопад Дураков,,,Лор/Места/Ла-Носкея/Верхняя Ла-Носкея,yes
Outer La Noscea,Внешняя Ла-Носкея,,,Лор/Места/Ла-Носкея/Внешняя Ла-Носкея,yes
the Long Climb,Долгий подъём,,,Лор/Места/Ла-Носкея/Внешняя Ла-Носкея,yes
the Hermit's Hovel,Хижина отшельника,,,Лор/Места/Ла-Носкея/Внешняя Ла-Носкея,yes
the Floating City of Nym,Плавучий город Ним,,,Лор/Места/Ла-Носкея/Внешняя Ла-Носкея,yes
Camp Overlook,Лагерь «Дозор»,,,Лор/Места/Ла-Носкея/Внешняя Ла-Носкея,yes
Iron Lake,Железное озеро,,,Лор/Места/Ла-Носкея/Внешняя Ла-Носкея,yes
Kobold Dig,Кобольдовы раскопки,,,Лор/Места/Ла-Носкея/Внешняя Ла-Носкея,yes
789th Order Dig,Раскопки 789-го ордена,,,Лор/Места/Ла-Носкея/Внешняя Ла-Носкея,
U'Ghamaro Mines,Шахты У'Гамаро,,,Лор/Места/Ла-Носкея/Внешняя Ла-Носкея,yes
Wolves' Den Pier,Причал Волчьего логова,,,Лор/Места/Ла-Носкея/Внешняя Ла-Носкея,yes
the Braveheart,«Храброе сердце»,,корабль,Лор/Места/Ла-Носкея/Внешняя Ла-Носкея,yes
Entry Counter,Стойка регистрации,,,Лор/Места/Ла-Носкея/Внешняя Ла-Носкея,yes
Wolves' Den Docks,Пристань Волчьего логова,,,Лор/Места/Ла-Носкея/Внешняя Ла-Носкея,yes
Wolves' Den Ferry,Паром у Волчьего логова,,,Лор/Места/Ла-Носкея/Внешняя Ла-Носкея,yes
Dueling Circle,Дуэльный круг,,,Лор/Места/Ла-Носкея/Внешняя Ла-Носкея,yes
Mist,Туман,,,Лор/Места/Ла-Носкея/Туман,yes
the Topmast,Стеньга,,,Лор/Места/Ла-Носкея/Туман,yes
the Black Shroud,Чёрная чаща,,,Лор/Места/Чёрная чаща,yes
Gridania,Гридания,,,Лор/Места/Чёрная чаща/Гридания,yes
Old Gridania,Старая Гридания,,,Лор/Места/Чёрная чаща/Гридания,yes
Ebony Stalls,Эбеновые ряды,,,Лор/Места/Чёрная чаща/Гридания,yes
Rosewood Stalls,Палисандровые ряды,,,Лор/Места/Чёрная чаща/Гридания,yes
Shaded Bower,Тенистая беседка,,,Лор/Места/Чёрная чаща/Гридания,yes
Leatherworkers' Guild,Гильдия кожевников,,,Лор/Места/Чёрная чаща/Гридания,yes
Westshore Pier,Западный пирс,,,Лор/Места/Чёрная чаща/Гридания,yes
Black Boar Gate,Врата Чёрного вепря,,,Лор/Места/Чёрная чаща/Гридания,yes
the Centaur's Eye,Глаз кентавра,,,Лор/Места/Чёрная чаща/Гридания,yes
Wailing Barracks,Казармы Плакальщиков,,"«Wailing» — отряд Wailers, стража Гридании",Лор/Места/Чёрная чаща/Гридания,yes
Lancers' Guild,Гильдия копейщиков,,,Лор/Места/Чёрная чаща/Гридания,yes
Apkallu Falls,Водопады Апкаллу,,,Лор/Места/Чёрная чаща/Гридания,yes
Fen-Yll Fineries,Мастерская «Фен-Илль»,,,Лор/Места/Чёрная чаща/Гридания,yes
Mih Khetto's Amphitheatre,Амфитеатр Ми-Кетто,,,Лор/Места/Чёрная чаща/Гридания,yes
the Whistling Miller,Свистящий мельник,,,Лор/Места/Чёрная чаща/Гридания,yes
Greatloam Growery,Сады Благой Почвы,,,Лор/Места/Чёрная чаща/Гридания,yes
Black Tea Brook,Ручей чёрного чая,,,Лор/Места/Чёрная чаща/Гридания,yes
Botanists' Guild,Гильдия ботаников,,,Лор/Места/Чёрная чаща/Гридания,yes
Yellow Serpent Gate,Врата Жёлтого змея,,,Лор/Места/Чёрная чаща/Гридания,yes
Nophica's Altar,Алтарь Нофики,,,Лор/Места/Чёрная чаща/Гридания,yes
Stillglade Fane,Святилище Тихой рощи,,,Лор/Места/Чёрная чаща/Гридания,yes
Conjurers' Guild,Гильдия чародеев,,,Лор/Места/Чёрная чаща/Гридания,yes
New Gridania,Новая Гридания,,,Лор/Места/Чёрная чаща/Гридания,yes
Blue Badger Gate,Врата Синего Барсука,,,Лор/Места/Чёрная чаща/Гридания,yes
Gridania Aetheryte Plaza,Площадь с эфиритом в Гридании,,,Лор/Места/Чёрная чаща/Гридания,yes
Figaga's Gift,Дар Фигаги,,,Лор/Места/Чёрная чаща/Гридания,yes
Carpenters' Guild,Гильдия плотников,,,Лор/Места/Чёрная чаща/Гридания,yes
Acorn Orchard,Желудёвый сад,,,Лор/Места/Чёрная чаща/Гридания,yes
Quiver's Hold,Крепость Колчана,,,Лор/Места/Чёрная чаща/Гридания,yes
Archers' Guild,Гильдия лучников,,,Лор/Места/Чёрная чаща/Гридания,yes
the Knot,Узел,,,Лор/Места/Чёрная чаща/Гридания,yes
Jadeite Flood,Нефритовый разлив,,,Лор/Места/Чёрная чаща/Гридания,yes
Adders' Nest,Змеиное гнездо,,,Лор/Места/Чёрная чаща/Гридания,yes
Twin Adder Barracks,Казармы Двух Змей,,,Лор/Места/Чёрная чаща/Гридания,yes
White Wolf Gate,Врата Белого волка,,,Лор/Места/Чёрная чаща/Гридания,yes
White Wolf Gate Guard,Страж Врат Белого волка,,,Лор/Места/Чёрная чаща/Гридания,yes
Red Otter Gate,Врата Красной выдры,,,Лор/Места/Чёрная чаща/Гридания,yes
Carline Canopy,Колючниковый полог,,,Лор/Места/Чёрная чаща/Гридания,yes
the Roost,Насест,,,Лор/Места/Чёрная чаща/Гридания,yes
Central Shroud,Центральная чаща,,,Лор/Места/Чёрная чаща/Центральная чаща,yes
Bentbranch,Кривая ветвь,,,Лор/Места/Чёрная чаща/Центральная чаща,yes
Lilystone,Лилейный камень,,,Лор/Места/Чёрная чаща/Центральная чаща,yes
the Hedgetree,Дерево живой изгороди,,,Лор/Места/Чёрная чаща/Центральная чаща,yes
Mirror Planks Docks,Причалы Зеркальных мостков,,,Лор/Места/Чёрная чаща/Центральная чаща,yes
the Mirror Planks,Зеркальные мостки,,,Лор/Места/Чёрная чаща/Центральная чаща,yes
the Tam-Tara Deepcroft,Подземелья Там-Тары,,,Лор/Места/Чёрная чаща/Центральная чаща,yes
Galvanth's Spire,Шпиль Галванта,,,Лор/Места/Чёрная чаща/Центральная чаща,yes
Everschade,Вечная тень,,,Лор/Места/Чёрная чаща/Центральная чаща,yes
the Guardian Tree,Древо-хранитель,,,Лор/Места/Чёрная чаща/Центральная чаща,yes
the Matron's Lethe,Лета Матроны,,"Nophica, the Matron",Лор/Места/Чёрная чаща/Центральная чаща,yes
Sanguine Perch,Кровавый насест,,,Лор/Места/Чёрная чаща/Центральная чаща,yes
Bentbranch Meadows,Луга Кривой ветви,,,Лор/Места/Чёрная чаща/Центральная чаща,yes
Jadeite Thick,Нефритовая чаща,,,Лор/Места/Чёрная чаща/Центральная чаща,yes
the Bannock,Баннок,,,Лор/Места/Чёрная чаща/Центральная чаща,yes
Gilbert's Spire,Шпиль Гилберта,,,Лор/Места/Чёрная чаща/Центральная чаща,yes
East Vein,Восточная жила,,,Лор/Места/Чёрная чаща/Центральная чаща,yes
West Vein,Западная жила,,,Лор/Места/Чёрная чаща/Центральная чаща,yes
the Standing Corses,Стоячие трупы,,,Лор/Места/Чёрная чаща/Центральная чаща,yes
Spriggan Dig,Раскопки спригганов,,,Лор/Места/Чёрная чаща/Центральная чаща,yes
Sorrel Haven,Щавелевая гавань,,,Лор/Места/Чёрная чаща/Центральная чаща,yes
Hopeseed Pond,Пруд Семени надежды,,,Лор/Места/Чёрная чаща/Центральная чаща,yes
Haukke Manor,Поместье Хаукке,,,Лор/Места/Чёрная чаща/Центральная чаща,yes
Dunstan's Spire,Шпиль Данстана,,,Лор/Места/Чёрная чаща/Центральная чаща,yes
Amberscale Rock,Скала Янтарной чешуи,,,Лор/Места/Чёрная чаща/Центральная чаща,yes
Greentear,Зелёная слеза,,,Лор/Места/Чёрная чаща/Центральная чаща,yes
Gabineaux's Bower,Беседка Габино,,,Лор/Места/Чёрная чаща/Центральная чаща,yes
Spirithold,Пристанище духов,,,Лор/Места/Чёрная чаща/Центральная чаща,yes
Naked Rock,Голая скала,,,Лор/Места/Чёрная чаща/Центральная чаща,yes
East Shroud,Восточная чаща,,,Лор/Места/Чёрная чаща/Восточная чаща,yes
the Honey Yard,Медовый двор,,,Лор/Места/Чёрная чаща/Восточная чаща,yes
Fullflower Comb,Соты полноцветья,,,Лор/Места/Чёрная чаща/Восточная чаща,yes
Sweetbloom Pier,Причал Сладкоцвета,,,Лор/Места/Чёрная чаща/Восточная чаща,yes
Larkscall,Зов жаворонка,,,Лор/Места/Чёрная чаща/Восточная чаща,yes
Verdant Drop,Зелёный обрыв,,,Лор/Места/Чёрная чаща/Восточная чаща,yes
Sylphlands,Земли сильфов,,,Лор/Места/Чёрная чаща/Восточная чаща,yes
the Seedbed,Рассадник,,,Лор/Места/Чёрная чаща/Восточная чаща,yes
Hanging Barbs,Свисающие шипы,,,Лор/Места/Чёрная чаща/Восточная чаща,yes
Moonspore Grove,Роща лунных спор,,,Лор/Места/Чёрная чаща/Восточная чаща,yes
Goldleaf Dais,Помост Золотого листа,,,Лор/Места/Чёрная чаща/Восточная чаща,yes
Nine Ivies,Девять плющей,,,Лор/Места/Чёрная чаща/Восточная чаща,yes
Amarissaix's Spire,Шпиль Амариссе,,,Лор/Места/Чёрная чаща/Восточная чаща,yes
Castrum Oriens,Каструм Ориенс,,,Лор/Места/Чёрная чаща/Восточная чаща,yes
Baelsar's Wall,Стена Бельсара,,,Лор/Места/Чёрная чаща/Восточная чаща,yes
Little Solace,Малое Утешение,,,Лор/Места/Чёрная чаща/Восточная чаща,yes
Josselin's Spire,Шпиль Жосселена,,,Лор/Места/Чёрная чаща/Восточная чаща,yes
Springripple Brook,Ручей весенней ряби,,,Лор/Места/Чёрная чаща/Восточная чаща,yes
the Hawthorne Hut,Хижина Хоторнов,,,Лор/Места/Чёрная чаща/Восточная чаща,yes
the Bramble Patch,Заросли ежевики,,,Лор/Места/Чёрная чаща/Восточная чаща,yes
Sanctum of the Twelve,Святилище Двенадцати,,,Лор/Места/Чёрная чаща/Восточная чаща,yes
Thornmarch,Терновый марш,,,Лор/Места/Чёрная чаща/Восточная чаща,yes
South Shroud,Южная чаща,,,Лор/Места/Чёрная чаща/Южная чаща,yes
Camp Tranquil,Тихий лагерь,,,Лор/Места/Чёрная чаща/Южная чаща,yes
Lower Paths,Нижние тропы,,,Лор/Места/Чёрная чаща/Южная чаща,yes
South Shroud Landing,Посадочная площадка Южной чащи,,,Лор/Места/Чёрная чаща/Южная чаща,yes
the Lost City of Amdapor,Затерянный город Амдапор,,,Лор/Места/Чёрная чаща/Южная чаща,yes
Rootslake,Корневое озеро,,,Лор/Места/Чёрная чаща/Южная чаща,yes
Silent Arbor,Тихая беседка,,,Лор/Места/Чёрная чаща/Южная чаща,yes
Goblins' Meet,Сходка гоблинов,,,Лор/Места/Чёрная чаща/Южная чаща,yes
Taker's Rot,Гнилище добытчиков,,,Лор/Места/Чёрная чаща/Южная чаща,yes
the Mun-Tuy Cellars,Погреба Мун-Туй,,,Лор/Места/Чёрная чаща/Южная чаща,yes
Redbelly Hive,Улей краснобрюхих ос,,,Лор/Места/Чёрная чаща/Южная чаща,yes
Quarrymill,Каменоломная мельница,,,Лор/Места/Чёрная чаща/Южная чаща,yes
Snakemolt,Змеиная линька,,,Лор/Места/Чёрная чаща/Южная чаща,yes
Amdapor Keep,Крепость Амдапор,,,Лор/Места/Чёрная чаща/Южная чаща,yes
Upper Paths,Верхние тропы,,,Лор/Места/Чёрная чаща/Южная чаща,yes
Buscarron's Druthers,Забегаловка Бускаррона,,,Лор/Места/Чёрная чаща/Южная чаща,yes
Buscarron's Scar,Шрам Бускаррона,,,Лор/Места/Чёрная чаща/Южная чаща,yes
Issom-Har,Иссом-Хар,,,Лор/Места/Чёрная чаща/Южная чаща,yes
No Man's Hovel,Ничья лачуга,,,Лор/Места/Чёрная чаща/Южная чаща,yes
the Thousand Maws of Toto-Rak,Тысяча пастей Тото-Рака,,,Лор/Места/Чёрная чаща/Южная чаща,yes
Hathoeva River,Река Хатоэва,,,Лор/Места/Чёрная чаща/Южная чаща,yes
Urth's Gift,Дар Урта,,,Лор/Места/Чёрная чаща/Южная чаща,yes
Urth's Fount,Источник Урта,,,Лор/Места/Чёрная чаща/Южная чаща,yes
North Shroud,Северная чаща,,,Лор/Места/Чёрная чаща/Северная чаща,yes
Alder Springs,Ольховые ключи,,,Лор/Места/Чёрная чаща/Северная чаща,yes
Finders' Bluff,Утёс Находок,,,Лор/Места/Чёрная чаща/Северная чаща,yes
Florentel's Spire,Шпиль Флорентеля,,,Лор/Места/Чёрная чаща/Северная чаща,yes
Dalamud's Shadow,Тень Даламуда,,,Лор/Места/Чёрная чаща/Северная чаща,yes
Murmur Rills,Журчащие ручьи,,,Лор/Места/Чёрная чаща/Северная чаща,yes
Fallgourd Float,Плавучая тыква,,,Лор/Места/Чёрная чаща/Северная чаща,yes
the Bobbing Cork,Пляшущий поплавок,,,Лор/Места/Чёрная чаща/Северная чаща,yes
Treespeak,Шепчущие деревья,,,Лор/Места/Чёрная чаща/Северная чаща,yes
Blessed Bud,Благословенный бутон,,,Лор/Места/Чёрная чаща/Северная чаща,yes
E-Tatt's Spire,Шпиль Э-Татта,,,Лор/Места/Чёрная чаща/Северная чаща,yes
Treespeak Stables,Конюшни Шепчущих деревьев,,,Лор/Места/Чёрная чаща/Северная чаща,yes
Peacegarden,Сад покоя,,,Лор/Места/Чёрная чаща/Северная чаща,yes
Hyrstmill,Хирстмилл,,,Лор/Места/Чёрная чаща/Северная чаща,yes
Ehcatl,Экатль,,,Лор/Народы/Союзные племена,yes
Proud Creek,Гордый ручей,,,Лор/Места/Чёрная чаща/Северная чаща,yes
Ixali Logging Grounds,Лесозаготовки иксалов,,,Лор/Места/Чёрная чаща/Северная чаща,yes
Gelmorra Ruins,Руины Гельморры,,,Лор/Места/Чёрная чаща/Северная чаща,yes
Eugenia's Spire,Шпиль Эугении,,,Лор/Места/Чёрная чаща/Северная чаща,yes
Lake Tahtotl,Озеро Тахтотль,,,Лор/Места/Чёрная чаща/Северная чаща,yes
the Lavender Beds,Лавандовые грядки,,,Лор/Места/Чёрная чаща/Лавандовые грядки,yes
Lily Hills,Лилейные холмы,,,Лор/Места/Чёрная чаща/Лавандовые грядки,yes
Thanalan,Таналан,,,Лор/Места/Таналан,yes
Ul'dah,Уль'да,,,Лор/Места/Таналан/Уль'да,yes
Steps of Nald,Ступени Нальда,,,Лор/Места/Таналан/Уль'да,yes
Gate of Nald,Врата Нальда,,,Лор/Места/Таналан/Уль'да,yes
Ruby Road Exchange,Рынок Рубиновой дороги,,,Лор/Места/Таналан/Уль'да,yes
Sunsilk Tapestries,«Солнечный шёлк»,,,Лор/Места/Таналан/Уль'да,yes
Wellhead Lift,Колодезный подъёмник,,,Лор/Места/Таналан/Уль'да,yes
Hall of Flames,Зал Пламени,,,Лор/Места/Таналан/Уль'да,yes
Flame Barracks,Казармы Бессмертного пламени,,,Лор/Места/Таналан/Уль'да,yes
Emerald Avenue,Изумрудный проспект,,,Лор/Места/Таналан/Уль'да,yes
Platinum Mirage,Платиновый мираж,,,Лор/Места/Таналан/Уль'да,yes
Pugilists' Guild,Гильдия кулачных бойцов,,,Лор/Места/Таналан/Уль'да,yes
the Rudius,Рудиус,,,Лор/Места/Таналан/Уль'да,yes
Gate of the Sultana,Врата Султанши,,,Лор/Места/Таналан/Уль'да,yes
Arrzaneth Ossuary,Оссуарий Арзанета,,,Лор/Места/Таналан/Уль'да,yes
Thaumaturges' Guild,Гильдия тауматургов,,,Лор/Места/Таналан/Уль'да,yes
Erralig's Burial Chamber,Погребальная камера Эрралига,,,Лор/Места/Таналан/Уль'да,yes
the Hourglass,«Песочные часы»,,,Лор/Места/Таналан/Уль'да,yes
the Quicksand,Зыбучие пески,,,Лор/Места/Таналан/Уль'да,yes
Steps of Thal,Ступени Тала,,,Лор/Места/Таналан/Уль'да,yes
Gate of Thal,Врата Тала,,,Лор/Места/Таналан/Уль'да,yes
the Sapphire Avenue Exchange,Рынок Сапфировой улицы,,,Лор/Места/Таналан/Уль'да,yes
Pearl Lane,Жемчужный переулок,,,Лор/Места/Таналан/Уль'да,yes
Milvaneth Sacrarium,Святилище Мильванет,,,Лор/Места/Таналан/Уль'да,yes
the Gold Court,Золотой двор,,,Лор/Места/Таналан/Уль'да,yes
Weavers' Guild,Гильдия ткачей,,,Лор/Места/Таналан/Уль'да,yes
Onyx Lane,Ониксовый переулок,,,Лор/Места/Таналан/Уль'да,yes
Miners' Guild,Гильдия шахтёров,,,Лор/Места/Таналан/Уль'да,yes
Eshtaime's Aesthetics,«Эстетика Эштайм»,,,Лор/Места/Таналан/Уль'да,yes
Goldsmiths' Guild,Гильдия ювелиров,,,Лор/Места/Таналан/Уль'да,yes
the Coliseum,Колизей,,,Лор/Места/Таналан/Уль'да,yes
Gladiators' Guild,Гильдия гладиаторов,,,Лор/Места/Таналан/Уль'да,yes
Residential Area Guide,Проводник по жилому району,,,Лор/Места/Таналан/Уль'да,yes
the Hustings Strip,Политический квартал,,,Лор/Места/Таналан/Уль'да,yes
the Royal Promenade,Королевский променад,,,Лор/Места/Таналан/Уль'да,yes
the Chamber of Rule,Палата правления,,,Лор/Места/Таналан/Уль'да,yes
Scholars' Walk,Аллея учёных,,,Лор/Места/Таналан/Уль'да,yes
Frondale's Phrontistery,Фронтистерий Фрондейла,,,Лор/Места/Таналан/Уль'да,yes
Alchemists' Guild,Гильдия алхимиков,,,Лор/Места/Таналан/Уль'да,yes
Hustings Strip,Политический квартал,,,Лор/Места/Таналан/Уль'да,yes
Central Thanalan,Центральный Таналан,,,Лор/Места/Таналан/Центральный Таналан,yes
Spineless Basin,Бесхребетная котловина,,,Лор/Места/Таналан/Центральный Таналан,yes
Sagolii Gate,Врата Саголии,,,Лор/Места/Таналан/Центральный Таналан,yes
Sultantree,Султанское древо,,,Лор/Места/Таналан/Центральный Таналан,yes
Ul'dah Dispatch Yard,Сортировочный двор Уль'ды,,,Лор/Места/Таналан/Центральный Таналан,yes
Royal Plantations,Королевские плантации,,,Лор/Места/Таналан/Центральный Таналан,yes
Fesca's Watch,Дозор Фески,,,Лор/Места/Таналан/Центральный Таналан,yes
Fesca's Wash,Промоина Фески,,,Лор/Места/Таналан/Центральный Таналан,yes
Stonesthrow,Камнеброс,,,Лор/Места/Таналан/Центральный Таналан,yes
Four Sisters,Четыре сестры,,,Лор/Места/Таналан/Центральный Таналан,yes
Soot Creek,Закопчённый ручей,,,Лор/Места/Таналан/Центральный Таналан,yes
the Clutch,Кладка,,,Лор/Места/Таналан/Центральный Таналан,yes
the Unholy Heir,«Нечестивый наследник»,,,Лор/Места/Таналан/Центральный Таналан,yes
the Quiveron Manse,Поместье Квиверона,,,Лор/Места/Таналан/Центральный Таналан,yes
Royal Allagan Sunway,Королевский аллагский Солнечный путь,,,Лор/Места/Таналан/Центральный Таналан,yes
Black Brush Station,Станция Чёрной щётки,,,Лор/Места/Таналан/Центральный Таналан,yes
Black Brush,Чёрная щётка,,,Лор/Места/Таналан/Центральный Таналан,yes
Hellbrood Holes,Норы адского выводка,,,Лор/Места/Таналан/Центральный Таналан,yes
the Rat's Nest,Крысиное гнездо,,,Лор/Места/Таналан/Центральный Таналан,yes
Royal Allagan Starway,Королевский аллагский Звёздный путь,,,Лор/Места/Таналан/Центральный Таналан,yes
the Coffer & Coffin,«Сундук и гроб»,,,Лор/Места/Таналан/Центральный Таналан,yes
Cutter's Cry,Крик Каттера,,,Лор/Места/Таналан/Центральный Таналан,yes
Nanawa Mines,Шахты Нанавы,,,Лор/Места/Таналан/Центральный Таналан,yes
the Bonfire,«Костёр»,,,Лор/Места/Таналан/Центральный Таналан,yes
Lost Hope,Утраченная надежда,,,Лор/Места/Таналан/Центральный Таналан,yes
Sil'dih Excavation Site,Раскопки Силь'ди,,,Лор/Места/Таналан/Центральный Таналан,yes
Northern Thanalan,Северный Таналан,,,Лор/Места/Таналан/Северный Таналан,yes
Camp Bluefog,Лагерь «Синий туман»,,,Лор/Места/Таналан/Северный Таналан,yes
Bluefog,Синий туман,,,Лор/Места/Таналан/Северный Таналан,yes
West Watchtower,Западная сторожевая башня,,,Лор/Места/Таналан/Северный Таналан,yes
East Watchtower,Восточная сторожевая башня,,,Лор/Места/Таналан/Северный Таналан,yes
Ceruleum Field,Поле церулеума,,,Лор/Места/Таналан/Северный Таналан,yes
Abandoned Amajina Mythril Mine,Заброшенная мифриловая шахта Амаджины,,,Лор/Места/Таналан/Северный Таналан,yes
Dalamud's Talons,Когти Даламуда,,,Лор/Места/Таналан/Северный Таналан,yes
Sea of Spires,Море шпилей,,,Лор/Места/Таналан/Северный Таналан,yes
Ceruleum Processing Plant,Церулеумный завод,,,Лор/Места/Таналан/Северный Таналан,yes
Raubahn's Push,Натиск Раубана,,,Лор/Места/Таналан/Северный Таналан,yes
Forward Gates,Передовые врата,,,Лор/Места/Таналан/Северный Таналан,yes
Castrum Meridianum,Каструм Меридианум,,,Лор/Места/Таналан/Северный Таналан,yes
Eastern Thanalan,Восточный Таналан,,,Лор/Места/Таналан/Восточный Таналан,yes
Wellwick Wood,Веллвикский лес,,,Лор/Места/Таналан/Восточный Таналан,yes
Thal's Respite,Привал Тала,,,Лор/Места/Таналан/Восточный Таналан,yes
Highbridge,Высокий мост,,,Лор/Места/Таналан/Восточный Таналан,yes
Yugr'am River,Река Югр'ам,,,Лор/Места/Таналан/Восточный Таналан,yes
the Burning Wall,Пылающая стена,,,Лор/Места/Таналан/Восточный Таналан,yes
Burgundy Falls,Бургундские водопады,,,Лор/Места/Таналан/Восточный Таналан,yes
Sandgate,Песчаные врата,,,Лор/Места/Таналан/Восточный Таналан,yes
Amalj'aa Encampment,Лагерь амальджа,,,Лор/Места/Таналан/Восточный Таналан,yes
Final Prayer,Последняя молитва,,,Лор/Места/Таналан/Восточный Таналан,yes
Halatali,Халатали,,,Лор/Места/Таналан/Восточный Таналан,yes
Camp Drybone,Лагерь «Сухие кости»,,,Лор/Места/Таналан/Восточный Таналан,yes
Drybone,Сухие кости,,,Лор/Места/Таналан/Восточный Таналан,yes
Church of Saint Adama Landama,Церковь святой Адамы Ландамы,,,Лор/Места/Таналан/Восточный Таналан,yes
the Golden Bazaar,Золотой базар,,,Лор/Места/Таналан/Восточный Таналан,yes
the Invisible City,Незримый Город,,,Лор/Места/Таналан/Восточный Таналан,yes
Southern Thanalan,Южный Таналан,,,Лор/Места/Таналан/Южный Таналан,yes
Sagolii Desert,Пустыня Саголии,,,Лор/Места/Таналан/Южный Таналан,yes
Byregot's Strike,Удар Биергота,,как бог Byregot,Лор/Места/Таналан/Южный Таналан,yes
Forgotten Springs,Забытые ключи,,,Лор/Места/Таналан/Южный Таналан,yes
the Red Labyrinth,Красный лабиринт,,,Лор/Места/Таналан/Южный Таналан,yes
Nald's Reflection,Отражение Нальда,,,Лор/Места/Таналан/Южный Таналан,yes
Minotaur Malm,Мальм минотавра,,,Лор/Места/Таналан/Южный Таналан,yes
Burnt Lizard Creek,Ручей Обожжённой ящерицы,,,Лор/Места/Таналан/Южный Таналан,yes
Zanr'ak,Занр'ак,,,Лор/Места/Таналан/Южный Таналан,yes
Zanr'ak Encampment,Лагерь Занр'ака,,,Лор/Места/Таналан/Южный Таналан,yes
Zanr'ak Altar,Алтарь Занр'ака,,,Лор/Места/Таналан/Южный Таналан,yes
Circle of the Tempered,Круг порабощённых,,,Лор/Места/Таналан/Южный Таналан,yes
Zahar'ak,Захар'ак,,,Лор/Места/Таналан/Южный Таналан,yes
Broken Water,Разбитые воды,,,Лор/Места/Таналан/Южный Таналан,yes
the Sepulchre,Гробница,,,Лор/Места/Таналан/Южный Таналан,yes
the Sunken Temple of Qarn,Затонувший храм Карна,,,Лор/Места/Таналан/Южный Таналан,yes
Ring of Ash,Кольцо пепла,,,Лор/Места/Таналан/Южный Таналан,yes
Little Ala Mhigo,Малая Ала Миго,,,Лор/Места/Таналан/Южный Таналан,yes
Western Thanalan,Западный Таналан,,,Лор/Места/Таналан/Западный Таналан,yes
the Eighty Sins of Sasamo,Восемьдесят грехов Сасамо,,,Лор/Места/Таналан/Западный Таналан,yes
Hammerlea,Молотовые луга,,,Лор/Места/Таналан/Западный Таналан,yes
Scorpion Crossing,Скорпионья переправа,,,Лор/Места/Таналан/Западный Таналан,yes
the East Hammer,Восточный Молот,,,Лор/Места/Таналан/Западный Таналан,yes
the West Hammer,Западный Молот,,,Лор/Места/Таналан/Западный Таналан,yes
the South Hammer,Южный Молот,,,Лор/Места/Таналан/Западный Таналан,yes
Beaconhill Lighthouse,Маяк на Сигнальном холме,,,Лор/Места/Таналан/Западный Таналан,yes
Nophica's Wells,Колодцы Нофики,,,Лор/Места/Таналан/Западный Таналан,yes
the Silver Bazaar,Серебряный базар,,,Лор/Места/Таналан/Западный Таналан,yes
Silver Bazaar Docks,Пристань Серебряного базара,,,Лор/Места/Таналан/Западный Таналан,yes
Horizon's Edge,Край горизонта,,,Лор/Места/Таналан/Западный Таналан,yes
Sunrise Gate,Врата рассвета,,,Лор/Места/Таналан/Западный Таналан,yes
Sunset Gate,Врата заката,,,Лор/Места/Таналан/Западный Таналан,yes
Copperbell Mines,Медноколокольные шахты,,,Лор/Места/Таналан/Западный Таналан,yes
Horizon,Горизонт,,,Лор/Места/Таналан/Западный Таналан,yes
the Footfalls,Следы,,,Лор/Места/Таналан/Западный Таналан,yes
the Silent King,Безмолвный король,,,Лор/Места/Таналан/Западный Таналан,yes
Crescent Cove,Полумесячная бухта,,,Лор/Места/Таналан/Западный Таналан,yes
Crescent Cove Docks,Пристань Полумесячной бухты,,,Лор/Места/Таналан/Западный Таналан,yes
Vesper Bay,Залив Веспер,,,Лор/Места/Таналан/Западный Таналан,yes
the Waking Sands,Пробуждающиеся пески,,база Наследников,Лор/Места/Таналан/Западный Таналан,yes
the Pissed Peiste,«Пьяный пейст»,,таверна,Лор/Места/Таналан/Западный Таналан,yes
Moondrip,Лунная капля,,,Лор/Места/Таналан/Западный Таналан,yes
Cape Westwind,Мыс Вествинд,,,Лор/Места/Таналан/Западный Таналан,yes
Parata's Peace,Покой Параты,,,Лор/Места/Таналан/Западный Таналан,yes
Imperial Outpost,Имперский аванпост,,,Лор/Места/Таналан/Западный Таналан,yes
Castrum Marinum,Каструм Маринум,,,Лор/Места/Таналан/Западный Таналан,yes
the Goblet,Кубок,,,Лор/Места/Таналан/Кубок,yes
the Sultana's Breath,Дыхание султаны,,,Лор/Места/Таналан/Кубок,yes
Mor Dhona,Мор Дона,,,Лор/Места/Мор Дона,yes
Fogfens,Туманные топи,,,Лор/Места/Мор Дона,yes
Castrum Centri,Каструм Центри,,,Лор/Места/Мор Дона,yes
Rathefrost,Ратефрост,,,Лор/Места/Мор Дона,yes
Camp Revenant's Toll,Лагерь «Звон ревенантов»,,,Лор/Места/Мор Дона,yes
the Diamond Forge,«Алмазная кузня»,,,Лор/Места/Мор Дона,yes
the Rising Stones,Восходящие камни,,,Лор/Места/Мор Дона,yes
the Seventh Heaven,«Седьмое небо»,,таверна,Лор/Места/Мор Дона,yes
North Silvertear,Северный берег Серебряных Слёз,,,Лор/Места/Мор Дона,yes
Singing Shards,Поющие осколки,,,Лор/Места/Мор Дона,yes
the Keeper of the Lake,Хранитель озера,,,Лор/Места/Мор Дона,yes
Crystal Gate,Кристальные врата,,,Лор/Места/Мор Дона,yes
Silvertear Falls,Водопад Серебряных Слёз,,,Лор/Места/Мор Дона,yes
Saint Coinach's Find,Находка святого Койнаха,,,Лор/Места/Мор Дона,yes
the Eight Sentinels,Восемь стражей,,,Лор/Места/Мор Дона,yes
Coerthas,Коэртас,,,Лор/Места/Коэртас,yes
Ishgard,Ишгард,,,Лор/Места/Коэртас/Ишгард,yes
Foundation,Фундамент,,,Лор/Места/Коэртас/Ишгард,yes
Ishgard Aetheryte Plaza,Площадь эфирита Ишгарда,,,Лор/Места/Коэртас/Ишгард,yes
the Arc of the Worthy,Арка Достойных,,,Лор/Места/Коэртас/Ишгард,yes
Saint Valeroyant's Forum,Площадь святого Валерояна,,,Лор/Места/Коэртас/Ишгард,yes
Saint Reinette's Forum,Площадь святой Ренетты,,,Лор/Места/Коэртас/Ишгард,yes
the Arc of the Humble,Арка Смиренных,,,Лор/Места/Коэртас/Ишгард,yes
the Fury's Mercy,«Милость Фурии»,,,Лор/Места/Коэртас/Ишгард,yes
the Brume,Мгла,,,Лор/Места/Коэртас/Ишгард,yes
the Forgotten Knight,«Забытый рыцарь»,,,Лор/Места/Коэртас/Ишгард,yes
Cloud Nine,Девятое облако,,,Лор/Места/Коэртас/Ишгард,yes
Congregation of Our Knights Most Heavenly,Конгрегация небесных рыцарей,,,Лор/Места/Коэртас/Ишгард,yes
the Lightfeather Proving Grounds,Полигон Лёгкого пера,,,Лор/Места/Коэртас/Ишгард,yes
Skysteel Manufactory,Мануфактура небесной стали,,,Лор/Места/Коэртас/Ишгард,yes
the Holy Stables,Святые конюшни,,,Лор/Места/Коэртас/Ишгард,yes
the Aery,Драконье гнездо,,,Лор/Места/Коэртас/Ишгард,yes
the Pillars,Столпы,,,Лор/Места/Коэртас/Ишгард,yes
the Jeweled Crozier,«Украшенный посох»,,,Лор/Места/Коэртас/Ишгард,yes
Durendaire Manor,Поместье Дюрандэр,,названия домов знати не склоняются,Лор/Места/Коэртас/Ишгард,yes
Haillenarte Manor,Поместье Айлленарт,,,Лор/Места/Коэртас/Ишгард,yes
Fortemps Manor,Поместье Фортемп,,,Лор/Места/Коэртас/Ишгард,yes
Dzemael Manor,Поместье Дземаэль,,,Лор/Места/Коэртас/Ишгард,yes
Athenaeum Astrologicum,Астрологический атенеум,,,Лор/Места/Коэртас/Ишгард,yes
the Arc of the Venerable,Арка Почтенных,,,Лор/Места/Коэртас/Ишгард,yes
Borel Manor,Поместье Борель,,,Лор/Места/Коэртас/Ишгард,yes
the Supreme Sacred Tribunal of Halonic Inquisitory Doctrine,Верховный священный трибунал халонической инквизиторской доктрины,,,Лор/Места/Коэртас/Ишгард,yes
the Tribunal,Трибунал,,,Лор/Места/Коэртас/Ишгард,yes
the Hoplon,Гоплон,,,Лор/Места/Коэртас/Ишгард,yes
Saint Reymanaud's Cathedral,Собор святого Реймано,,,Лор/Места/Коэртас/Ишгард,yes
Saint Endalim's Scholasticate,Схоластикат святого Эндалима,,,Лор/Места/Коэртас/Ишгард,yes
the Architects,Архитекторы,,,Лор/Места/Коэртас/Ишгард,yes
the Last Vigil,Последний дозор,,,Лор/Места/Коэртас/Ишгард,yes
the Vault,Хранилище,,,Лор/Места/Коэртас/Ишгард,yes
Coerthas Central Highlands,Центральное нагорье Коэртаса,,,Лор/Места/Коэртас/Центральное нагорье Коэртаса,yes
Dragonhead,Драконья голова,,,Лор/Места/Коэртас/Центральное нагорье Коэртаса,yes
First Dicasterial Observatorium of Aetherial and Astrological Phenomena,Первая дикастериальная обсерватория эфирных и астрологических явлений,,,Лор/Места/Коэртас/Центральное нагорье Коэртаса,yes
Griffin Crossing,Грифонья переправа,,,Лор/Места/Коэртас/Центральное нагорье Коэртаса,yes
Skyfire Locks,Небесноогненные шлюзы,,,Лор/Места/Коэртас/Центральное нагорье Коэртаса,yes
Haldrath's March,Путь Халдрата,,,Лор/Места/Коэртас/Центральное нагорье Коэртаса,yes
Intercessory,Приёмная,,,Лор/Места/Коэртас/Центральное нагорье Коэртаса,yes
the Nail,Гвоздь,,,Лор/Места/Коэртас/Центральное нагорье Коэртаса,yes
Camp Dragonhead,Лагерь «Драконья голова»,,,Лор/Места/Коэртас/Центральное нагорье Коэртаса,yes
Providence Point,Мыс Провидения,,,Лор/Места/Коэртас/Центральное нагорье Коэртаса,yes
Witchdrop,Ведьмин провал,,,Лор/Места/Коэртас/Центральное нагорье Коэртаса,yes
Steel Vigil,Стальной дозор,,,Лор/Места/Коэртас/Центральное нагорье Коэртаса,yes
the Ogre's Belly,Чрево огра,,,Лор/Места/Коэртас/Центральное нагорье Коэртаса,yes
the Weeping Saint,Плачущий святой,,,Лор/Места/Коэртас/Центральное нагорье Коэртаса,yes
Xelphatol,Ксельфатол,,,Лор/Места/Коэртас/Центральное нагорье Коэртаса,yes
Boulder Downs,Валунные холмы,,,Лор/Места/Коэртас/Центральное нагорье Коэртаса,yes
Hall of the Seven Echoes,Зал Семи отголосков,,,Лор/Места/Коэртас/Центральное нагорье Коэртаса,yes
Monument Tower,Башня-монумент,,,Лор/Места/Коэртас/Центральное нагорье Коэртаса,yes
the Fury's Gaze,Взор Фурии,,,Лор/Места/Коэртас/Центральное нагорье Коэртаса,yes
Daniffen Pass,Перевал Даниффен,,,Лор/Места/Коэртас/Центральное нагорье Коэртаса,yes
Dzemael Darkhold,Твердыня Дземаэль,,,Лор/Места/Коэртас/Центральное нагорье Коэртаса,yes
the Aurum Vale,Аурумская долина,,,Лор/Места/Коэртас/Центральное нагорье Коэртаса,yes
Whitebrim,Белый уступ,,,Лор/Места/Коэртас/Центральное нагорье Коэртаса,yes
Stone Vigil,Каменный дозор,,,Лор/Места/Коэртас/Центральное нагорье Коэртаса,yes
Behemoth's Dominion,Владения Бегемота,,,Лор/Места/Коэртас/Центральное нагорье Коэртаса,yes
Snowcloak,Снежный плащ,,,Лор/Места/Коэртас/Центральное нагорье Коэртаса,yes
Gates of Judgement,Врата суда,,,Лор/Места/Коэртас/Центральное нагорье Коэртаса,yes
the Howling Eye,Воющее око,,,Лор/Места/Коэртас/Центральное нагорье Коэртаса,yes
Natalan,Наталан,,,Лор/Места/Коэртас/Центральное нагорье Коэртаса,yes
Sea of Clouds,Море облаков,,,Лор/Места/Коэртас/Центральное нагорье Коэртаса,yes
Steps of Faith,Ступени веры,,,Лор/Места/Коэртас/Центральное нагорье Коэртаса,yes
Coerthas Western Highlands,Западное нагорье Коэртаса,,,Лор/Места/Коэртас/Западное нагорье Коэртаса,yes
Riversmeet,Слияние рек,,,Лор/Места/Коэртас/Западное нагорье Коэртаса,yes
the Pike,Пика,,,Лор/Места/Коэртас/Западное нагорье Коэртаса,yes
Black Iron Bridge,Мост Чёрного железа,,,Лор/Места/Коэртас/Западное нагорье Коэртаса,yes
the Ninth Vare,Девятый жезл,,,Лор/Места/Коэртас/Западное нагорье Коэртаса,yes
Camp Riversmeet,Лагерь «Слияние рек»,,,Лор/Места/Коэртас/Западное нагорье Коэртаса,yes
Gorgagne Mills,Мельницы Горгань,,,Лор/Места/Коэртас/Западное нагорье Коэртаса,yes
Hemlock,Болиголов,,,Лор/Места/Коэртас/Западное нагорье Коэртаса,yes
Falcon's Nest,Соколиное гнездо,,,Лор/Места/Коэртас/Западное нагорье Коэртаса,yes
Twinpools,Двойные пруды,,,Лор/Места/Коэртас/Западное нагорье Коэртаса,yes
the Convictory,Острог,,,Лор/Места/Коэртас/Западное нагорье Коэртаса,yes
the Dusk Vigil,Сумеречный дозор,,,Лор/Места/Коэртас/Западное нагорье Коэртаса,yes
the Dreaming Dragon,«Дремлющий дракон»,,,Лор/Места/Коэртас/Западное нагорье Коэртаса,yes
the Slate Mountains,Сланцевые горы,,,Лор/Места/Коэртас/Западное нагорье Коэртаса,yes
Dragonspit,Драконий плевок,,,Лор/Места/Коэртас/Западное нагорье Коэртаса,yes
Red Rim,Красный край,,,Лор/Места/Коэртас/Западное нагорье Коэртаса,yes
the Bed of Bones,Костяное ложе,,,Лор/Места/Коэртас/Западное нагорье Коэртаса,yes
the Watcher,Наблюдатель,,,Лор/Места/Коэртас/Западное нагорье Коэртаса,yes
the Firmament,Небесная твердь,,,Лор/Места/Коэртас/Западное нагорье Коэртаса,yes
the New Nest,Новое гнездо,,,Лор/Места/Коэртас/Западное нагорье Коэртаса,yes
Featherfall,Перопад,,,Лор/Места/Коэртас/Западное нагорье Коэртаса,yes
Hoarfrost Hall,Зал Изморози,,,Лор/Места/Коэртас/Западное нагорье Коэртаса,yes
the Risensong Quarter,Квартал Восходящей песни,,,Лор/Места/Коэртас/Западное нагорье Коэртаса,yes
Rolanberry Field,Поле роланберри,,,Лор/Места/Коэртас/Западное нагорье Коэртаса,yes
Saint Roelle's Dais,Помост святой Роэль,,,Лор/Места/Коэртас/Западное нагорье Коэртаса,yes
Snowsoak Springs,Снежные купальни,,,Лор/Места/Коэртас/Западное нагорье Коэртаса,yes
Quill's Trace,След пера,,,Лор/Места/Коэртас/Западное нагорье Коэртаса,yes
Bright Ballad's Passage,Проход Светлой баллады,,,Лор/Места/Коэртас/Западное нагорье Коэртаса,yes
Ser Vaindreau's Grace,Милость сира Вандро,,,Лор/Места/Коэртас/Западное нагорье Коэртаса,yes
the Abacus,Счёты,,,Лор/Места/Коэртас/Западное нагорье Коэртаса,yes
the Mattock,Мотыга,,,Лор/Места/Коэртас/Западное нагорье Коэртаса,yes
the Mendicant's Court,Двор нищих,,,Лор/Места/Коэртас/Западное нагорье Коэртаса,yes
Skysteel Workshop,Мастерская небесной стали,,,Лор/Места/Коэртас/Западное нагорье Коэртаса,yes
Empyreum,Эмпирей,,,Лор/Места/Коэртас/Эмпирей,yes
Ingleside,Инглсайд,,,Лор/Места/Коэртас/Эмпирей,yes
Abalathia's Spine,Хребет Абалатии,,,Лор/Места/Хребет Абалатии,yes
the Sea of Clouds,Море облаков,,,Лор/Места/Хребет Абалатии/Море облаков,yes
Cloudtop,Облачная вершина,,,Лор/Места/Хребет Абалатии/Море облаков,yes
Camp Cloudtop,Лагерь «Облачная вершина»,,,Лор/Места/Хребет Абалатии/Море облаков,yes
the Protector,Протектор,,,Лор/Места/Хребет Абалатии/Море облаков,yes
the Rosehouse,Дом роз,,,Лор/Места/Хребет Абалатии/Море облаков,yes
Last Step,Последний шаг,,,Лор/Места/Хребет Абалатии/Море облаков,yes
Ok' Gundu,Ок' Гунду,,,Лор/Места/Хребет Абалатии/Море облаков,yes
the Blue Window,«Голубое окно»,,,Лор/Места/Хребет Абалатии/Море облаков,yes
the Morrowmotes,Завтрашние искры,,,Лор/Места/Хребет Абалатии/Море облаков,yes
Ok' Gundu Nakki,Ок' Гунду Накки,,,Лор/Места/Хребет Абалатии/Море облаков,yes
Provenance,Провенанс,,,Лор/Места/Хребет Абалатии/Море облаков,yes
Voor Sian Siran,Воор Сиан Сиран,,,Лор/Места/Хребет Абалатии/Море облаков,yes
Disappearing Falls,Исчезающий водопад,,,Лор/Места/Хребет Абалатии/Море облаков,yes
the Eddies,Водовороты,,,Лор/Места/Хребет Абалатии/Море облаков,yes
the Nidifice,Гнездилище,,чтобы не совпадало с Rookery,Лор/Места/Хребет Абалатии/Море облаков,yes
Ok' Vundu Mok,Ок' Вунду Мок,,,Лор/Места/Хребет Абалатии/Море облаков,yes
Hall of the Fallen Plume,Чертог Павшего пера,,,Лор/Места/Хребет Абалатии/Море облаков,yes
Ok' Vundu Vana,Ок' Вунду Вана,,,Лор/Места/Хребет Абалатии/Море облаков,yes
the Cromlech,Кромлех,,,Лор/Места/Хребет Абалатии/Море облаков,yes
the Whale's Crown,Китовый венец,,,Лор/Места/Хребет Абалатии/Море облаков,yes
Vundu Ok' Bendu,Вунду Ок' Бенду,,,Лор/Места/Хребет Абалатии/Море облаков,yes
Hearth of the Mighty Bendu,Очаг могучих Бенду,,,Лор/Места/Хребет Абалатии/Море облаков,yes
Wisent Herd,Стадо зубров,,wisent — зубр,Лор/Места/Хребет Абалатии/Море облаков,yes
the Gauntlet,Перчатка,,,Лор/Места/Хребет Абалатии/Море облаков,yes
Coldwind,Холодный ветер,,,Лор/Места/Хребет Абалатии/Море облаков,yes
the Parrock,Загон,,,Лор/Места/Хребет Абалатии/Море облаков,yes
Hengr's Crucible,Горнило Хенгра,,,Лор/Места/Хребет Абалатии/Море облаков,yes
Mok Oogl Island,Остров Мок-Угл,,,Лор/Места/Хребет Абалатии/Море облаков,yes
the Shattered Back,Расколотый хребет,,,Лор/Места/Хребет Абалатии/Море облаков,yes
Neverreap,Нежатва,,,Лор/Места/Хребет Абалатии/Море облаков,yes
Void Ark,Ковчег Бездны,,,Лор/Места/Хребет Абалатии/Море облаков,yes
Azys Lla,Азис Лла,,,Лор/Места/Хребет Абалатии/Азис Лла,yes
Alpha Quadrant,Квадрант Альфа,,,Лор/Места/Хребет Абалатии/Азис Лла,yes
Helix,Геликс,,,Лор/Места/Хребет Абалатии/Азис Лла,yes
Aetheroconductor Array,Массив эфиропроводников,,,Лор/Места/Хребет Абалатии/Азис Лла,yes
Alpha Comm Beacon,Маяк связи «Альфа»,,,Лор/Места/Хребет Абалатии/Азис Лла,yes
Centrifugal Crystal Engine,Центробежный кристаллический двигатель,,,Лор/Места/Хребет Абалатии/Азис Лла,yes
Cooling Station,Охладительная станция,,,Лор/Места/Хребет Абалатии/Азис Лла,yes
Hyperstellar Downconverter,Гиперзвёздный понижающий преобразователь,,,Лор/Места/Хребет Абалатии/Азис Лла,yes
Matter Conduit II-III,Канал материи II–III,,,Лор/Места/Хребет Абалатии/Азис Лла,yes
Quarantine Block,Карантинный блок,,,Лор/Места/Хребет Абалатии/Азис Лла,yes
Beta Quadrant,Квадрант Бета,,,Лор/Места/Хребет Абалатии/Азис Лла,yes
Biomass Incubation Complex,Комплекс инкубации биомассы,,,Лор/Места/Хребет Абалатии/Азис Лла,yes
Matter Conduit III-II,Канал материи III–II,,,Лор/Места/Хребет Абалатии/Азис Лла,yes
Matter Conduit IV-V,Канал материи IV–V,,,Лор/Места/Хребет Абалатии/Азис Лла,yes
Mutagenesis,Мутагенез,,,Лор/Места/Хребет Абалатии/Азис Лла,yes
Recombination Labs,Лаборатории рекомбинации,,,Лор/Места/Хребет Абалатии/Азис Лла,yes
Gamma Quadrant,Квадрант Гамма,,,Лор/Места/Хребет Абалатии/Азис Лла,yes
Castrum Solus,Каструм Солус,,,Лор/Места/Хребет Абалатии/Азис Лла,yes
Dreadnaught Landing,Площадка дредноута,,,Лор/Места/Хребет Абалатии/Азис Лла,yes
Last Remnant,Последний оплот,,,Лор/Места/Хребет Абалатии/Азис Лла,yes
Matter Conduit V-IV,Канал материи V–IV,,,Лор/Места/Хребет Абалатии/Азис Лла,yes
Matter Conduit VI-VII,Канал материи VI–VII,,,Лор/Места/Хребет Абалатии/Азис Лла,yes
the Cathedral,Собор,,,Лор/Места/Хребет Абалатии/Азис Лла,yes
the Gration,Грейшн,,,Лор/Места/Хребет Абалатии/Азис Лла,yes
the Fractal Continuum,Фрактальный континуум,,,Лор/Места/Хребет Абалатии/Азис Лла,yes
Delta Quadrant,Квадрант Дельта,,,Лор/Места/Хребет Абалатии/Азис Лла,yes
Antithesis,Антитезис,,,Лор/Места/Хребет Абалатии/Азис Лла,yes
Esh Thom,Эш-Том,,,Лор/Места/Хребет Абалатии/Азис Лла,yes
Matter Conduit VII-VI,Канал материи VII–VI,,,Лор/Места/Хребет Абалатии/Азис Лла,yes
Mobile Supply Cache,Мобильный склад припасов,,,Лор/Места/Хребет Абалатии/Азис Лла,yes
the Aqueduct,Акведук,,,Лор/Места/Хребет Абалатии/Азис Лла,yes
the Pappus Tree,Древо паппусов,,,Лор/Места/Хребет Абалатии/Азис Лла,yes
the Flagship,Флагман,,,Лор/Места/Хребет Абалатии/Азис Лла,yes
the Aetherochemical Research Facility,Эфирохимический исследовательский комплекс,,,Лор/Места/Хребет Абалатии/Азис Лла,yes
the Warring Triad,Враждующая триада,,,Лор/Места/Хребет Абалатии/Азис Лла,yes
Singularity Reactor,Реактор сингулярности,,,Лор/Места/Хребет Абалатии/Азис Лла,yes
the Habisphere,Хабисфера,,,Лор/Места/Хребет Абалатии/Азис Лла,yes
Habisphere Control,Центр управления хабисферой,,,Лор/Места/Хребет Абалатии/Азис Лла,yes
Dravania,Дравания,,,Лор/Места/Дравания,yes
Idyllshire,Идиллшир,,,Лор/Места/Дравания/Идиллшир,yes
Frontbridge,Передний мост,,,Лор/Места/Дравания/Идиллшир,yes
Backbridge,Задний мост,,,Лор/Места/Дравания/Идиллшир,yes
the Cenotaph,Кенотаф,,,Лор/Места/Дравания/Идиллшир,yes
the Snail,«Улитка»,,,Лор/Места/Дравания/Идиллшир,yes
Rowena's Center for Cultural Promotion,Центр Культурного развития Ровены,,,Лор/Места/Дравания/Идиллшир,yes
Idyllshire Aetheryte Plaza,Площадь эфирита Идиллшира,,,Лор/Места/Дравания/Идиллшир,yes
Greengrub Mudplots,Грядки Гринграба,,,Лор/Места/Дравания/Идиллшир,yes
Stickqix's Bangpots,Бахалки Стиккикса,,,Лор/Места/Дравания/Идиллшир,yes
Freewalks Roundspot,Круг свободной ходьбы,,,Лор/Места/Дравания/Идиллшир,yes
the Hard Place,Трудное место,,,Лор/Места/Дравания/Идиллшир,yes
West Idyllshire,Западный Идиллшир,,,Лор/Места/Дравания/Идиллшир,yes
the Dravanian Forelands,Драванские предгорья,,,Лор/Места/Дравания/Драванские предгорья,yes
Chocobo Forest,Лес чокобо,,,Лор/Места/Дравания/Драванские предгорья,yes
the Hundred Throes,Сто стонов,,,Лор/Места/Дравания/Драванские предгорья,yes
Whilom River,Река Былых времён,,,Лор/Места/Дравания/Драванские предгорья,yes
the Hissing Cobbles,Шипящая мостовая,,,Лор/Места/Дравания/Драванские предгорья,yes
Tailfeather,Хвостовое перо,,,Лор/Места/Дравания/Драванские предгорья,yes
the Smoldering Wastes,Тлеющие пустоши,,,Лор/Места/Дравания/Драванские предгорья,yes
Loth ast Vath,Лот аст Ват,,,Лор/Места/Дравания/Драванские предгорья,yes
the Stained One,Запятнанный,,,Лор/Места/Дравания/Драванские предгорья,yes
Mare's Oath,Кобылья клятва,,,Лор/Места/Дравания/Драванские предгорья,yes
Loth ast Gnath,Лот аст Гнат,,,Лор/Места/Дравания/Драванские предгорья,yes
Thriphive,Трифайв,,,Лор/Места/Дравания/Драванские предгорья,yes
Gynehive,Гинехайв,,,Лор/Места/Дравания/Драванские предгорья,yes
Thok ast Thok,Ток аст Ток,,,Лор/Места/Дравания/Драванские предгорья,yes
Avalonia Fallen,Павшая Авалония,,,Лор/Места/Дравания/Драванские предгорья,yes
Anyx Minor,Аникс Минор,,,Лор/Места/Дравания/Драванские предгорья,yes
the Danneroad,Даннероуд,,,Лор/Места/Дравания/Драванские предгорья,yes
Anyx Trine,Аникс Трин,,,Лор/Места/Дравания/Драванские предгорья,yes
Sohm Al Foothills,Предгорья Сом-Аль,,,Лор/Места/Дравания/Драванские предгорья,yes
Ehs Daih,Эс-Дай,,,Лор/Места/Дравания/Драванские предгорья,yes
the Iron Feast,Железный пир,,,Лор/Места/Дравания/Драванские предгорья,yes
Mourn,Морн,,,Лор/Места/Дравания/Драванские предгорья,yes
Halo,Ореол,,,Лор/Места/Дравания/Драванские предгорья,yes
Anyx Old,Старый Аникс,,,Лор/Места/Дравания/Драванские предгорья,yes
the Dravanian Hinterlands,Драванская глушь,,,Лор/Места/Дравания/Драванская глушь,yes
the Makers' Quarter,Квартал мастеров,,,Лор/Места/Дравания/Драванская глушь,yes
the Arkhitekton,Архитектон,,,Лор/Места/Дравания/Драванская глушь,yes
the Daggers,Кинжалы,,,Лор/Места/Дравания/Драванская глушь,yes
the Collectors' Quarter,Квартал собирателей,,,Лор/Места/Дравания/Драванская глушь,yes
Bigwest Shortstop,Застава Бигвест,,,Лор/Места/Дравания/Драванская глушь,yes
the Answering Quarter,Квартал Ответов,,,Лор/Места/Дравания/Драванская глушь,yes
Saint Mocianne's Arboretum,Дендрарий святой Мосианны,,,Лор/Места/Дравания/Драванская глушь,yes
the Ruling Quarter,Правящий квартал,,,Лор/Места/Дравания/Драванская глушь,yes
Quickspill Delta,Дельта Быстротока,,,Лор/Места/Дравания/Драванская глушь,yes
Matoya's Cave,Пещера Матои,,,Лор/Места/Дравания/Драванская глушь,yes
the Path of Knowing,Тропа познания,,,Лор/Места/Дравания/Драванская глушь,yes
the Tipped Ewer,Опрокинутый кувшин,,,Лор/Места/Дравания/Драванская глушь,yes
the Churning Mists,Клубящиеся туманы,,,Лор/Места/Дравания/Клубящиеся туманы,yes
Sohm Al Summit,Вершина Сом-Аль,,,Лор/Места/Дравания/Клубящиеся туманы,yes
Moghome,Могдом,,,Лор/Места/Дравания/Клубящиеся туманы,yes
Eil Tohm,Эйл-Том,,,Лор/Места/Дравания/Клубящиеся туманы,yes
the House of Letters,Дом Писем,,,Лор/Места/Дравания/Клубящиеся туманы,yes
Monsterie,Монстерия,,,Лор/Места/Дравания/Клубящиеся туманы,yes
Four Arms,Четыре руки,,,Лор/Места/Дравания/Клубящиеся туманы,yes
Bahrr Lehs,Бахр Лехс,,,Лор/Места/Дравания/Клубящиеся туманы,yes
Zenith,Зенит,,,Лор/Места/Дравания/Клубящиеся туманы,yes
Ohl Tahn,Ол Тан,,,Лор/Места/Дравания/Клубящиеся туманы,yes
the Rookery,Гнездовье,,,Лор/Места/Дравания/Клубящиеся туманы,yes
Gron Rhei,Грон Рхей,,,Лор/Места/Дравания/Клубящиеся туманы,yes
Tharl Oom Khash,Тарл Ом Хаш,,,Лор/Места/Дравания/Клубящиеся туманы,yes
Sothton Walls,Стены Соттона,,,Лор/Места/Дравания/Клубящиеся туманы,yes
Weston Waters,Воды Уэстона,,,Лор/Места/Дравания/Клубящиеся туманы,yes
Easton Eyes,Глаза Истона,,,Лор/Места/Дравания/Клубящиеся туманы,yes
Greensward,Зелёная лужайка,,,Лор/Места/Дравания/Клубящиеся туманы,yes
Mother of the Sheave,Мать Снопа,,,Лор/Места/Дравания/Клубящиеся туманы,yes
the Lost Landlord,Затерянный землевладелец,,,Лор/Места/Дравания/Клубящиеся туманы,yes
Hingashi,Хингаси,,,Лор/Места/Хингаси,yes
Kugane,Куганэ,,,Лор/Места/Хингаси/Куганэ,yes
the Rakuza District,Квартал Ракуза,,,Лор/Места/Хингаси/Куганэ,yes
Bokairo Inn,Постоялый двор «Бокайро»,,,Лор/Места/Хингаси/Куганэ,yes
Bokaisen Hot Springs,Горячие источники Бокайсэн,,,Лор/Места/Хингаси/Куганэ,yes
Matsuba Gate,Ворота Мацуба,,,Лор/Места/Хингаси/Куганэ,yes
Matsuba Square,Площадь Мацуба,,,Лор/Места/Хингаси/Куганэ,yes
Sanjo Hanamachi,Сандзё-ханамати,,,Лор/Места/Хингаси/Куганэ,yes
Sekiseigumi Barracks,Казармы Сэкисэйгуми,,,Лор/Места/Хингаси/Куганэ,yes
Kugane Castle,Замок Куганэ,,,Лор/Места/Хингаси/Куганэ,yes
Pier #2,Пирс № 2,,,Лор/Места/Хингаси/Куганэ,yes
Pier #2 Ferry Docks,Паромная пристань пирса № 2,,,Лор/Места/Хингаси/Куганэ,yes
Shiokaze Hostelry,Постоялый двор «Сиокадзэ»,,,Лор/Места/Хингаси/Куганэ,yes
Tenkonto,Тэнконто,,,Лор/Места/Хингаси/Куганэ,yes
Umineko Teahouse,Чайная «Уминэко»,,,Лор/Места/Хингаси/Куганэ,yes
the Statue of Zuiko,Статуя Дзуйко,,,Лор/Места/Хингаси/Куганэ,yes
Tasogare Bridge,Мост Тасогарэ,,,Лор/Места/Хингаси/Куганэ,yes
Kugane Aetheryte Plaza,Площадь эфирита Куганэ,,,Лор/Места/Хингаси/Куганэ,yes
Pier #1,Пирс № 1,,,Лор/Места/Хингаси/Куганэ,yes
San-ban Kura,Санбан-кура,,,Лор/Места/Хингаси/Куганэ,yes
Go-ban Kura,Гобан-кура,,,Лор/Места/Хингаси/Куганэ,yes
Kokajiya,Кокадзия,,,Лор/Места/Хингаси/Куганэ,yes
the Kuroboro Maru,«Куроборо-мару»,,корабль,Лор/Места/Хингаси/Куганэ,yes
Ijin District,Квартал Идзин,,,Лор/Места/Хингаси/Куганэ,yes
the Ruby Bazaar,Рубиновый базар,,,Лор/Места/Хингаси/Куганэ,yes
Rakusui Gardens,Сады Ракусуи,,,Лор/Места/Хингаси/Куганэ,yes
Garlean Consulate,Гарлеанское консульство,,,Лор/Места/Хингаси/Куганэ,yes
Thavnairian Consulate,Консульство Тавнаира,,,Лор/Места/Хингаси/Куганэ,yes
Kogane Dori,Коганэ-дори,,,Лор/Места/Хингаси/Куганэ,yes
the Mujikoza,Мудзикодза,,,Лор/Места/Хингаси/Куганэ,yes
the Short Pier,Малый пирс,,,Лор/Места/Хингаси/Куганэ,yes
Kugane Ofunakura,Офунакура Куганэ,,,Лор/Места/Хингаси/Куганэ,yes
Othard,Отард,,,Лор/Места/Отард,yes
the Ruby Sea,Рубиновое море,,,Лор/Места/Отард/Рубиновое море,yes
Rasen Kaikyo,Расэн Кайкё,,,Лор/Места/Отард/Рубиновое море,yes
the Ruby Price,Рубиновая цена,,,Лор/Места/Отард/Рубиновое море,yes
Barrier Isle,Пограничный остров,,,Лор/Места/Отард/Рубиновое море,yes
Sakazuki,Сакадзуки,,,Лор/Места/Отард/Рубиновое море,yes
Hells' Lid,Адская крышка,,,Лор/Места/Отард/Рубиновое море,yes
the Isle of Bekko,Остров Бэкко,,,Лор/Места/Отард/Рубиновое море,yes
Onokoro,Онокоро,,,Лор/Места/Отард/Рубиновое море,yes
Crick,Излучина,,,Лор/Места/Отард/Рубиновое море,yes
Heaven-on-High,Небесная высь,,,Лор/Места/Отард/Рубиновое море,yes
Ten-thousand-year Pine,Десятитысячелетняя сосна,,,Лор/Места/Отард/Рубиновое море,yes
Quickscape Pier,Причал бегства,,,Лор/Места/Отард/Рубиновое море,yes
Shoal Rock,Скала-отмель,,,Лор/Места/Отард/Рубиновое море,yes
the Coral Banquet,Коралловый пир,,,Лор/Места/Отард/Рубиновое море,yes
Sui-no-Sato,Суй-но-Сато,,,Лор/Места/Отард/Рубиновое море,yes
the Kobayashi Maru,«Кобаяси-мару»,,корабль,Лор/Места/Отард/Рубиновое море,yes
Saibai Cavern,Пещера Сайбай,,,Лор/Места/Отард/Рубиновое море,yes
Exile,Изгнание,,,Лор/Места/Отард/Рубиновое море,yes
the Anemone Gardens,Сады анемонов,,,Лор/Места/Отард/Рубиновое море,yes
the Adventure,«Приключение»,,корабль,Лор/Места/Отард/Рубиновое море,yes
Tamamizu,Тамамидзу,,,Лор/Места/Отард/Рубиновое море,yes
East Othard Coastline,Восточное побережье Отарда,,,Лор/Места/Отард/Рубиновое море,yes
Isari,Исари,,,Лор/Места/Отард/Рубиновое море,yes
the Isle of Zekki,Остров Дзэкки,,,Лор/Места/Отард/Рубиновое море,yes
the Dive,Погружение,,,Лор/Места/Отард/Рубиновое море,yes
the Air of the Opulent,Обитель богачей,,,Лор/Места/Отард/Рубиновое море,yes
the Turquoise Trench,Бирюзовый жёлоб,,,Лор/Места/Отард/Рубиновое море,yes
Shisui of the Violet Tides,Сисуй фиолетовых приливов,,,Лор/Места/Отард/Рубиновое море,yes
Yanxia,Янься,,,Лор/Места/Отард/Янься,yes
the Gensui Chain,Цепь Гэнсуй,,,Лор/Места/Отард/Янься,yes
the Drunken Toad,«Пьяная жаба»,,,Лор/Места/Отард/Янься,yes
Unseen Spirits Laughing,Смех незримых духов,,,Лор/Места/Отард/Янься,yes
the Heron's Flight,Полёт цапли,,,Лор/Места/Отард/Янься,yes
Plum Spring,Сливовый источник,,,Лор/Места/Отард/Янься,yes
Namai,Намаи,,,Лор/Места/Отард/Янься,yes
the Glittering Basin,Сверкающая котловина,,,Лор/Места/Отард/Янься,yes
Kusakari,Кусакари,,,Лор/Места/Отард/Янься,yes
Eastern Ryurin Bridge,Восточный мост Рюрин,,,Лор/Места/Отард/Янься,yes
Western Ryurin Bridge,Западный мост Рюрин,,,Лор/Места/Отард/Янься,yes
Castrum Fluminis,Каструм Флюминис,,,Лор/Места/Отард/Янься,yes
Yuzuka Manor,Поместье Юзука,,,Лор/Места/Отард/Янься,yes
Mercantile Docks,Торговые причалы,,,Лор/Места/Отард/Янься,yes
the Swallow's Compass,Ласточкин компас,,,Лор/Места/Отард/Янься,yes
the Dairyu Moon Gates,Лунные врата Дайрю,,,Лор/Места/Отард/Янься,yes
Imperial Hypersonic Assault Craft L-XXIII,Имперский гиперзвуковой штурмовой корабль L-XXIII,,,Лор/Места/Отард/Янься,yes
Valley of the Fallen Rainbow,Долина упавшей радуги,,,Лор/Места/Отард/Янься,yes
Prism Lake,Призменное озеро,,,Лор/Места/Отард/Янься,yes
the Ribbons,Ленты,,,Лор/Места/Отард/Янься,yes
the House of the Fierce,Дом Свирепых,,,Лор/Места/Отард/Янься,yes
Doma,Дома,,,Лор/Места/Отард/Дома,yes
Doma Castle,Замок Домы,,,Лор/Места/Отард/Дома,yes
the Coattails,Фалды,,,Лор/Места/Отард/Дома,yes
Monzen,Мондзэн,,,Лор/Места/Отард/Дома,yes
the Dragon's Struggle,Борьба дракона,,,Лор/Места/Отард/Дома,yes
the Azim Steppe,Азимская степь,,,Лор/Места/Отард/Азимская степь,yes
Reunion,Воссоединение,,,Лор/Места/Отард/Азимская степь,yes
the Sea of Blades,Море клинков,,,Лор/Места/Отард/Азимская степь,yes
Ragill's Reckoning,Расплата Рагилла,,,Лор/Места/Отард/Азимская степь,yes
Kahkol Iloh,Кахкол-Илох,,,Лор/Места/Отард/Азимская степь,yes
the Wound,Рана,,,Лор/Места/Отард/Азимская степь,yes
the Path of the Craven,Путь труса,,,Лор/Места/Отард/Азимская степь,yes
Azim Khaat,Азим-Хаат,,,Лор/Места/Отард/Азимская степь,yes
the Bridge of High Rule Warriors,Мост воинов Высшей власти,,,Лор/Места/Отард/Азимская степь,yes
the Dawn Throne,Трон Рассвета,,,Лор/Места/Отард/Азимская степь,yes
Onsal Hakair,Онсал-Хакаир,,,Лор/Места/Отард/Азимская степь,yes
Bardam's Mettle,Испытание Бардама,,,Лор/Места/Отард/Азимская степь,yes
Ceol Aen,Кеол-Аэн,,,Лор/Места/Отард/Азимская степь,yes
Chakha Zoh,Чака-Зо,,,Лор/Места/Отард/Азимская степь,yes
Mol Iloh,Мол-Илох,,,Лор/Места/Отард/Азимская степь,yes
Moonrise,«Лунный восход»,,,Лор/Места/Отард/Азимская степь,yes
the House of the Crooked Coin,Дом кривой монеты,,,Лор/Места/Отард/Азимская степь,yes
the Towering Still,Высокая тишь,,,Лор/Места/Отард/Азимская степь,yes
the Uyagir Caves,Пещеры Уягир,,,Лор/Места/Отард/Азимская степь,yes
the Hundred-and-one Revelations,Сто одно откровение,,,Лор/Места/Отард/Азимская степь,yes
Qerel Iloh,Керел-Илох,,,Лор/Места/Отард/Азимская степь,yes
Dhoro Iloh,Доро-Илох,,,Лор/Места/Отард/Азимская степь,yes
Nhaama's Retreat,Приют Наамы,,,Лор/Места/Отард/Азимская степь,yes
the Dusk Throne,Трон Сумерек,,,Лор/Места/Отард/Азимская степь,yes
Dotharl Khaa,Дотарл-Хаа,,,Лор/Места/Отард/Азимская степь,yes
Gyr Abania,Гир-Абания,,,Лор/Места/Гир-Абания,yes
the Fringes,Окраины,,,Лор/Места/Гир-Абания,yes
East End,Восточная окраина,,,Лор/Места/Гир-Абания,yes
Bittermill,Горькая мельница,,,Лор/Места/Гир-Абания,yes
Owyn's Stash,Тайник Оуэна,,,Лор/Места/Гир-Абания,yes
the Percipient One,Мудрое древо,,,Лор/Места/Гир-Абания,yes
Dimwold,Сумрачный лес,,,Лор/Места/Гир-Абания,yes
Fletcher's Cabin,Хижина Флетчера,,,Лор/Места/Гир-Абания,yes
Pike Falls,Щучий водопад,,,Лор/Места/Гир-Абания,yes
Castellum Corvi,Кастеллум Корви,,,Лор/Места/Гир-Абания,yes
the Comet's Tail,Хвост Кометы,,,Лор/Места/Гир-Абания,yes
the Pall of Clarity,Покров ясности,,,Лор/Места/Гир-Абания,yes
the Velodyna River,Река Велодина,,,Лор/Места/Гир-Абания,yes
the Striped Hills,Полосатые холмы,,,Лор/Места/Гир-Абания,yes
Schism,Раскол,,,Лор/Места/Гир-Абания,yes
the Circles of Answering,Круги ответа,,,Лор/Места/Гир-Абания,yes
Gyr Kehim,Гир-Кехим,,,Лор/Места/Гир-Абания,yes
Virdjala,Вирджала,,,Лор/Места/Гир-Абания,yes
Castellum Velodyna,Кастеллум Велодина,,,Лор/Места/Гир-Абания,yes
Vira Nilya,Вира-Нилья,,,Лор/Места/Гир-Абания,yes
Qalyana Nilya,Кальяна-Нилья,,,Лор/Места/Гир-Абания,yes
the Yawn,Зев,,,Лор/Места/Гир-Абания,yes
the Peering Stones,Дозорные камни,,,Лор/Места/Гир-Абания,yes
Djanan Qhat,Джанан-Кхат,,,Лор/Места/Гир-Абания,yes
the Crystarium,Кристариум,,,Лор/Места/Норвранд/Кристариум,yes
the Baldaquin,Балдахин,,,Лор/Места/Норвранд/Кристариум,yes
the Amaro Launch,Причал амаро,,,Лор/Места/Норвранд/Кристариум,yes
Ballistics,Баллистика,,,Лор/Места/Норвранд/Кристариум,yes
the Crystalline Mean,Кристальное средоточие,,,Лор/Места/Норвранд/Кристариум,yes
the Trivium,Тривиум,,,Лор/Места/Норвранд/Кристариум,yes
the Cabinet of Curiosity,Кабинет диковин,,,Лор/Места/Норвранд/Кристариум,yes
the Whispering Gallery,Шепчущая галерея,,,Лор/Места/Норвранд/Кристариум,yes
the Hortorium,Хорториум,,,Лор/Места/Норвранд/Кристариум,yes
Temenos Rookery,Птичник Теменоса,,,Лор/Места/Норвранд/Кристариум,yes
the Rotunda,Ротонда,,,Лор/Места/Норвранд/Кристариум,yes
the Crystarium Aetheryte Plaza,Площадь эфирита Кристариума,,,Лор/Места/Норвранд/Кристариум,yes
Tessellation,Мозаика,,,Лор/Места/Норвранд/Кристариум,yes
the Exedra,Экседра,,,Лор/Места/Норвранд/Кристариум,yes
the Dossal Gate,Доссальные врата,,,Лор/Места/Норвранд/Кристариум,yes
the Syrcus Tower,Башня Сиркус,,,Лор/Места/Норвранд/Кристариум,yes
Spagyrics,Спагирика,,,Лор/Места/Норвранд/Кристариум,yes
the Quadrivium,Квадривиум,,,Лор/Места/Норвранд/Кристариум,yes
Musica Universalis Markets,Рынки Musica Universalis,,,Лор/Места/Норвранд/Кристариум,yes
the Wandering Stairs,Блуждающая лестница,,,Лор/Места/Норвранд/Кристариум,yes
Sweetsieve,Сладкое сито,,,Лор/Места/Норвранд/Кристариум,yes
the Gangway,Сходни,,,Лор/Места/Норвранд/Кристариум,yes
the Catenaries,Цепные пути,,Катенарии — цепные мосты,Лор/Места/Норвранд/Кристариум,yes
the Pendants,Подвески,,,Лор/Места/Норвранд/Кристариум,yes
Weathering,Выветривание,,,Лор/Места/Норвранд/Озёрный край,yes
Northern Staging Point,Северный плацдарм,,,Лор/Места/Норвранд/Озёрный край,yes
Inviolate Witness,Нерушимый свидетель,,,Лор/Места/Норвранд/Озёрный край,yes
the Stay,Оплот,,,Лор/Места/Норвранд/Озёрный край,yes
Clearmelt,Ясная оттепель,,,Лор/Места/Норвранд/Озёрный край,yes
Hare Among Giants,Заяц среди великанов,,,Лор/Места/Норвранд/Озёрный край,yes
Watts's Anvil,Наковальня Уоттса,,,Лор/Места/Норвранд/Озёрный край,yes
the Hall of the Thrice Born,Зал трижды рождённых,,,Лор/Места/Норвранд/Озёрный край,yes
the Hanging Tower,Висячая башня,,,Лор/Места/Норвранд/Озёрный край,yes
the Ostall Imperative,Остальский императив,,,Лор/Места/Норвранд/Озёрный край,yes
the Forest of the Lost Shepherd,Лес заблудшего пастыря,,,Лор/Места/Норвранд/Озёрный край,yes
Wolves of Shadow,Волки Тени,,,Лор/Места/Норвранд/Озёрный край,yes
Radisca's Round,Круг Радиски,,,Лор/Места/Норвранд/Озёрный край,yes
Mortal Irons,Смертные оковы,,,Лор/Места/Норвранд/Озёрный край,yes
Embrasure,Бойница,,,Лор/Места/Норвранд/Озёрный край,yes
the Belt,Пояс,,,Лор/Места/Норвранд/Озёрный край,yes
the Thirstless Shore,Неутолённый берег,,,Лор/Места/Норвранд/Озёрный край,yes
Dampsole,Сыроступ,,,Лор/Места/Норвранд/Озёрный край,yes
the Hour of Certain Durance,Час неминуемого плена,,,Лор/Места/Норвранд/Озёрный край,yes
the Isle of Ken,Остров Кена,,,Лор/Места/Норвранд/Озёрный край,yes
the Exarch Gate,Врата экзарха,,,Лор/Места/Норвранд/Озёрный край,yes
the Bridges,Мосты,,,Лор/Места/Норвранд/Озёрный край,yes
the Accensor Gate,Врата Акценсора,,,Лор/Места/Норвранд/Озёрный край,yes
Fort Jobb,Форт Джобб,,,Лор/Места/Норвранд/Озёрный край,yes
the Church of the First Light,Церковь Первого света,,,Лор/Места/Норвранд/Озёрный край,yes
Sullen,Угрюмый,,,Лор/Места/Норвранд/Озёрный край,yes
Weed,Водоросль,,,Лор/Места/Норвранд/Озёрный край,yes
Brick,Кирпич,,,Лор/Места/Норвранд/Озёрный край,yes
Knot,Узел,,,Лор/Места/Норвранд/Озёрный край,yes
Lap,Подол,,,Лор/Места/Норвранд/Озёрный край,yes
the Chiliad,Хилиада,,,Лор/Места/Норвранд/Озёрный край,yes
the Bright Cliff,Светлый утёс,,,Лор/Места/Норвранд/Холусия,yes
Governor's Row,Губернаторский ряд,,,Лор/Места/Норвранд/Холусия,yes
Greely Sties,Хлевы Грили,,,Лор/Места/Норвранд/Холусия,yes
Greely Bridge,Мост Грили,,,Лор/Места/Норвранд/Холусия,yes
Southern Crossing,Южная переправа,,,Лор/Места/Норвранд/Холусия,yes
Cracked Shell Beach,Пляж треснувших раковин,,,Лор/Места/Норвранд/Холусия,yes
the Chisel,Резец,,,Лор/Места/Норвранд/Холусия,yes
the Codger's Crook,Стариковский закуток,,,Лор/Места/Норвранд/Холусия,yes
the Clave,Клав,,,Лор/Места/Норвранд/Холусия,yes
Sharptongue Drip,Острая капель,,,Лор/Места/Норвранд/Холусия,yes
White Oil Falls,Водопады белого масла,,,Лор/Места/Норвранд/Холусия,yes
the Whale's Breach,Китовый пролом,,,Лор/Места/Норвранд/Холусия,yes
Stilltide,Тихая заводь,,,Лор/Места/Норвранд/Холусия,yes
the Leaky Keel,Дырявый киль,,,Лор/Места/Норвранд/Холусия,yes
the Duergar Mountains,Дуэргаровы горы,,,Лор/Места/Норвранд/Холусия,yes
the Duergar's Tewel,Тьювел Дуэргара,,,Лор/Места/Норвранд/Холусия,yes
Dwarven Hollows,Дварфийские пещеры,,,Лор/Места/Норвранд/Холусия,yes
Flue Bridge,Мост Дымохода,,,Лор/Места/Норвранд/Холусия,yes
the Wet Whistle,Мокрый свисток,,таверна: «промочить горло»,Лор/Места/Норвранд/Холусия,yes
Komra,Комра,,,Лор/Места/Норвранд/Холусия,yes
Boiled Oil Bridge,Мост Кипящего Масла,,,Лор/Места/Норвранд/Холусия,yes
Scree,Осыпь,,,Лор/Места/Норвранд/Холусия,yes
Pit 8,Шахта № 8,,,Лор/Места/Норвранд/Холусия,yes
Top Rung,Верхняя ступень,,,Лор/Места/Норвранд/Холусия,yes
the Ladder,Лестница,,,Лор/Места/Норвранд/Холусия,yes
Tomra,Томра,,,Лор/Места/Норвранд/Холусия,yes
Longbeard Council,Совет длиннобородых,,,Лор/Места/Норвранд/Холусия,yes
Shadow Fault,Теневой разлом,,,Лор/Места/Норвранд/Холусия,yes
Bottom Rung,Нижняя ступень,,,Лор/Места/Норвранд/Холусия,yes
Stonegazer,Камнеглядец,,,Лор/Места/Норвранд/Холусия,yes
Wax Seal Mills,Мельницы восковой печати,,,Лор/Места/Норвранд/Холусия,yes
Whisperwind Cove,Бухта шепчущих ветров,,,Лор/Места/Норвранд/Холусия,yes
Barrow Isle,Курганный остров,,,Лор/Места/Норвранд/Холусия,yes
the Split Hull,Расколотый корпус,,,Лор/Места/Норвранд/Холусия,yes
Venmont Yards,Верфи Венмонта,,,Лор/Места/Норвранд/Холусия,yes
Seagazer,Мореглядец,,,Лор/Места/Норвранд/Холусия,yes
the Lawns,Лужайки,,,Лор/Места/Норвранд/Холусия,yes
the Canopy,Полог,,,Лор/Места/Норвранд/Юлмор,yes
Eulmore Aetheryte Plaza,Площадь эфирита Юлмора,,,Лор/Места/Норвранд/Юлмор,yes
the Xylem Lift,Ксилемный подъёмник,,,Лор/Места/Норвранд/Юлмор,yes
the Beehive,Улей,,,Лор/Места/Норвранд/Юлмор,yes
the Grand Dame's Parlor,Гостиная Великой дамы,,,Лор/Места/Норвранд/Юлмор,yes
the Crown Lift,Коронный подъёмник,,,Лор/Места/Норвранд/Юлмор,yes
Skyfront,Небесный фасад,,,Лор/Места/Норвранд/Юлмор,yes
the Understory,Подлесок,,,Лор/Места/Норвранд/Юлмор,yes
Eulmoran Army Headquarters,Штаб армии Юлмора,,,Лор/Места/Норвранд/Юлмор,yes
the Mainstay,Устой,,,Лор/Места/Норвранд/Юлмор,yes
the Buttress,Контрфорс,,,Лор/Места/Норвранд/Юлмор,yes
the Glory Gate,Врата Славы,,,Лор/Места/Норвранд/Юлмор,yes
Nightsoil Pots,Ночные горшки,,,Лор/Места/Норвранд/Юлмор,yes
Joyous Hall,Радостный зал,,,Лор/Места/Норвранд/Юлмор,yes
Customs Office A-1,Таможня А-1,,,Лор/Места/Норвранд/Юлмор,yes
Customs Office A-2,Таможня А-2,,,Лор/Места/Норвранд/Юлмор,yes
Customs Hold,Таможенный склад,,,Лор/Места/Норвранд/Юлмор,yes
the Bureau of Immigration,Бюро иммиграции,,,Лор/Места/Норвранд/Юлмор,yes
the Bureau of Registration,Бюро регистрации,,,Лор/Места/Норвранд/Юлмор,yes
the Delousery,Вошебойня,,,Лор/Места/Норвранд/Юлмор,yes
Southeast Derelicts,Юго-восточные развалины,,,Лор/Места/Норвранд/Юлмор,yes
the Northern Hills of Amber,Северные янтарные холмы,,,Лор/Места/Норвранд/Ам-Аранг,yes
Mount Biran Mines,Шахты горы Биран,,,Лор/Места/Норвранд/Ам-Аранг,yes
Twine,Бечева,,,Лор/Места/Норвранд/Ам-Аранг,yes
the Central Hills of Amber,Центральные янтарные холмы,,,Лор/Места/Норвранд/Ам-Аранг,yes
the Dragging Tail,Волочащийся хвост,,,Лор/Места/Норвранд/Ам-Аранг,yes
Our Ladies' Hands,Длани Наших Госпож,,,Лор/Места/Норвранд/Ам-Аранг,yes
Nuvy's Leavings,Объедки Нюви,,,Лор/Места/Норвранд/Ам-Аранг,yes
Kelk,Келк,,,Лор/Места/Норвранд/Ам-Аранг,yes
Lift Station,Станция подъёмника,,,Лор/Места/Норвранд/Ам-Аранг,yes
Our Ladies' Feet,Стопы Наших Госпож,,,Лор/Места/Норвранд/Ам-Аранг,yes
the Southern Hills of Amber,Южные янтарные холмы,,,Лор/Места/Норвранд/Ам-Аранг,yes
Ladle,Черпак,,,Лор/Места/Норвранд/Ам-Аранг,yes
the Inn at Journey's Head,Постоялый двор «Начало пути»,,,Лор/Места/Норвранд/Ам-Аранг,yes
the Pristine Palace of Amh Malik,Нетронутый дворец Ам-Малика,,,Лор/Места/Норвранд/Ам-Аранг,yes
the Derrick,Вышка,,,Лор/Места/Норвранд/Ам-Аранг,yes
the Nabaath Severance,Набаатский разлом,,,Лор/Места/Норвранд/Ам-Аранг,yes
the Rack,Дыба,,,Лор/Места/Норвранд/Ам-Аранг,yes
the Fields of Amber,Янтарные поля,,,Лор/Места/Норвранд/Ам-Аранг,yes
Samiel's Backbone,Хребет Самиэля,,,Лор/Места/Норвранд/Ам-Аранг,yes
Snitch,Стукач,,,Лор/Места/Норвранд/Ам-Аранг,yes
Pitch,Смола,,,Лор/Места/Норвранд/Ам-Аранг,yes
Twitch,Дёрг,,,Лор/Места/Норвранд/Ам-Аранг,yes
Qasr Sharl,Каср-Шарль,,,Лор/Места/Норвранд/Ам-Аранг,yes
the Red Serai,Красный сарай,,,Лор/Места/Норвранд/Ам-Аранг,yes
Timh Gyeus,Тим-Гьюс,,,Лор/Места/Норвранд/Иль-Мег,yes
Phisor Lran,Фисор Лран,,,Лор/Места/Норвранд/Иль-Мег,yes
the March of the Marchioness,Шествие маркизы,,,Лор/Места/Норвранд/Иль-Мег,yes
Dohn Mheg,Дон-Мег,,,Лор/Места/Норвранд/Иль-Мег,yes
Good Jenanna's Grace,Милость доброй Дженанны,,,Лор/Места/Норвранд/Иль-Мег,yes
Handmirror Lake,Озеро Зеркальце,,,Лор/Места/Норвранд/Иль-Мег,yes
the Bookman's Shelves,Полки книжника,,,Лор/Места/Норвранд/Иль-Мег,yes
the Woolen Way,Шерстяной тракт,,,Лор/Места/Норвранд/Иль-Мег,yes
Longmirror Lake,Озеро Длинное Зеркало,,,Лор/Места/Норвранд/Иль-Мег,yes
Thysm Lran,Тисм Лран,,,Лор/Места/Норвранд/Иль-Мег,yes
Deepwood Swim,Глубоколесная заводь,,,Лор/Места/Норвранд/Иль-Мег,yes
the House of the First Light,Дом Первого света,,,Лор/Места/Норвранд/Иль-Мег,yes
Pla Enni,Пла Энни,,,Лор/Места/Норвранд/Иль-Мег,yes
Mithai Glorianda,Митай Глорианда,,,Лор/Места/Норвранд/Иль-Мег,yes
Old Earra Bridge,Старый мост Эрры,,,Лор/Места/Норвранд/Иль-Мег,yes
the Silent Cliffs,Безмолвные утёсы,,,Лор/Места/Норвранд/Иль-Мег,yes
Wolekdorf,Волекдорф,,,Лор/Места/Норвранд/Иль-Мег,yes
Voeburtenburg,Вобуртенбург,,,Лор/Места/Норвранд/Иль-Мег,yes
the Church at Dammroen Field,Церковь на поле Даммроэн,,,Лор/Места/Норвранд/Иль-Мег,yes
Father Collard's Chambers,Покои отца Колларда,,,Лор/Места/Норвранд/Иль-Мег,yes
Saint Fathric's Temple,Храм святого Фатрика,,,Лор/Места/Норвранд/Иль-Мег,yes
Anden's Airs,Напевы Андена,,,Лор/Места/Норвранд/Иль-Мег,yes
Sextuplet Shallow,Отмель шестерняшек,,,Лор/Места/Норвранд/Иль-Мег,yes
the Rak'tika Greatwood,Великий лес Рак'тики,,,Лор/Места/Норвранд/Великий лес Рак'тики,yes
Slitherbough Aetheryte,Эфирит Змеиной ветви,,,Лор/Места/Норвранд/Великий лес Рак'тики,yes
the Darker,Темнота,,,Лор/Места/Норвранд/Великий лес Рак'тики,yes
the Citia Swamps,Топи Ситтии,,,Лор/Места/Норвранд/Великий лес Рак'тики,yes
the Trip,Спотычка,,,Лор/Места/Норвранд/Великий лес Рак'тики,yes
Fort Gohn,Форт Гон,,,Лор/Места/Норвранд/Великий лес Рак'тики,yes
the Deliberating Doll,Задумчивая кукла,,,Лор/Места/Норвранд/Великий лес Рак'тики,yes
the Red Chalice,Красная чаша,,,Лор/Места/Норвранд/Великий лес Рак'тики,yes
Cleric,Клирик,,,Лор/Места/Норвранд/Великий лес Рак'тики,yes
Lozatl's Conquest,Завоевание Лосатля,,,Лор/Места/Норвранд/Великий лес Рак'тики,yes
the Womb,Утроба,,,Лор/Места/Норвранд/Великий лес Рак'тики,yes
Lake Tusi Mek'ta,Озеро Туси-Мек'та,,,Лор/Места/Норвранд/Великий лес Рак'тики,yes
the Husk,Оболочка,,,Лор/Места/Норвранд/Великий лес Рак'тики,yes
the Covered Halls of Dwatl,Крытые чертоги Дватла,,,Лор/Места/Норвранд/Великий лес Рак'тики,yes
Fruit of the Protector,Плод Защитника,,,Лор/Места/Норвранд/Великий лес Рак'тики,yes
Fanow Aetheryte,Эфирит Фанова,,,Лор/Места/Норвранд/Великий лес Рак'тики,yes
Sleepaway Common,Ночлежная поляна,,,Лор/Места/Норвранд/Великий лес Рак'тики,yes
the Blind Forest of Yx'Maja,Слепой лес Икс'Майи,,,Лор/Места/Норвранд/Великий лес Рак'тики,yes
Bowrest,Приют лука,,,Лор/Места/Норвранд/Великий лес Рак'тики,yes
the Wild Fete,Дикий праздник,,,Лор/Места/Норвранд/Великий лес Рак'тики,yes
Mjrl's Regret,Сожаление Мьрл,,,Лор/Места/Норвранд/Великий лес Рак'тики,yes
the K'mul Astropolis,Астрополис К'мул,,,Лор/Места/Норвранд/Великий лес Рак'тики,yes
the Morning Stars,Утренние звёзды,,,Лор/Места/Норвранд/Великий лес Рак'тики,yes
Ox'Gatorl Mul,Мул Окс'Гаторла,,,Лор/Места/Норвранд/Великий лес Рак'тики,yes
Ox'Charl Mul,Мул Окс'Чарла,,,Лор/Места/Норвранд/Великий лес Рак'тики,yes
Yx'Lokwa Mul,Мул Икс'Локвы,,,Лор/Места/Норвранд/Великий лес Рак'тики,yes
Yx'Anpa Mul,Мул Икс'Анпы,,,Лор/Места/Норвранд/Великий лес Рак'тики,yes
the Great Pyramid of Ux'ner,Великая пирамида Укс'нер,,,Лор/Места/Норвранд/Великий лес Рак'тики,yes
the Confessional of Toupasa the Elder,Исповедальня Тупасы Старшего,,,Лор/Места/Норвранд/Великий лес Рак'тики,yes
the Ox'Dalan Gap,Ущелье Окс'Далан,,,Лор/Места/Норвранд/Великий лес Рак'тики,yes
the Isle of Consorts,Остров супругов,,,Лор/Места/Норвранд/Великий лес Рак'тики,yes
the Isle of Bows,Остров луков,,,Лор/Места/Норвранд/Великий лес Рак'тики,yes
the Isle of Sisters,Остров сестёр,,,Лор/Места/Норвранд/Великий лес Рак'тики,yes
Hopl's Stopple,Затычка Хопла,,,Лор/Места/Норвранд/Великий лес Рак'тики,yes
the Tempest,Пучина,,,Лор/Места/Норвранд/Пучина,yes
the Ondo Cups,Заводи ондо,,,Лор/Места/Норвранд/Пучина,yes
the Norvrandt Slope,Склон Норвранда,,,Лор/Места/Норвранд/Пучина,yes
Where the Dry Return,"Там, где возвращаются сухими",,,Лор/Места/Норвранд/Пучина,yes
Walls of the Forgotten,Стены забытых,,,Лор/Места/Норвранд/Пучина,yes
the Flounders' Floor,Дно камбал,,,Лор/Места/Норвранд/Пучина,yes
the Crock of Pearls,Жемчужный горшок,,,Лор/Места/Норвранд/Пучина,yes
the Workbench,Верстак,,,Лор/Места/Норвранд/Пучина,yes
the Caliban Gorge,Ущелье Калибана,,,Лор/Места/Норвранд/Пучина,yes
the Caliban Gap,Расщелина Калибана,,,Лор/Места/Норвранд/Пучина,yes
the Swallowed Spire,Поглощённый шпиль,,,Лор/Места/Норвранд/Пучина,yes
Purpure,Пурпур,,,Лор/Места/Норвранд/Пучина,yes
the Trinculo Shelf,Уступ Тринкуло,,,Лор/Места/Норвранд/Пучина,yes
the Macarenses Angle,Угол Макаренсов,,,Лор/Места/Норвранд/Пучина,yes
Achora Heights,Высоты Акоры,,,Лор/Места/Норвранд/Амароут,yes
Bureau of the Architect,Бюро Архитектора,,,Лор/Места/Норвранд/Амароут,yes
the Hall of Rhetoric,Зал красноречия,,,Лор/Места/Норвранд/Амароут,yes
the Polyleritae District,Квартал Полилеритов,,,Лор/Места/Норвранд/Амароут,yes
Bureau of the Administrator,Бюро администратора,,,Лор/Места/Норвранд/Амароут,yes
Bureau of the Secretariat,Бюро Секретариата,,,Лор/Места/Норвранд/Амароут,yes
the Capitol,Капитолий,,,Лор/Места/Норвранд/Амароут,yes
Akadaemia Anyder,Академия Анидер,,,Лор/Места/Норвранд/Амароут,yes
the Northern Empty,Северная пустошь,,,Лор/Места/Северная пустошь,yes
Old Sharlayan,Старый Шарлаян,,,Лор/Места/Северная пустошь/Старый Шарлаян,yes
the Studium,Студиум,,,Лор/Места/Северная пустошь/Старый Шарлаян,yes
Phenomenon,Феномен,,,Лор/Места/Северная пустошь/Старый Шарлаян,yes
Learners' Meet,Собрание учеников,,,Лор/Места/Северная пустошь/Старый Шарлаян,yes
Makers' Meet,Собрание творцов,,,Лор/Места/Северная пустошь/Старый Шарлаян,yes
Searchers' Meet,Собрание искателей,,,Лор/Места/Северная пустошь/Старый Шарлаян,yes
Tranquility,Безмятежность,,,Лор/Места/Северная пустошь/Старый Шарлаян,yes
the Speaking Monopteros,Говорящий моноптер,,,Лор/Места/Северная пустошь/Старый Шарлаян,yes
the Silent Monopteros,Безмолвный моноптер,,,Лор/Места/Северная пустошь/Старый Шарлаян,yes
Noumenon,Ноумен,,,Лор/Места/Северная пустошь/Старый Шарлаян,yes
Archons' Design,Замысел Архонтов,,,Лор/Места/Северная пустошь/Старый Шарлаян,yes
Old Sharlayan Aetheryte Plaza,Площадь эфирита Старого Шарлаяна,,,Лор/Места/Северная пустошь/Старый Шарлаян,yes
the Hall of Artifice,Зал искусств,,,Лор/Места/Северная пустошь/Старый Шарлаян,yes
the Forum,Форум,,,Лор/Места/Северная пустошь/Старый Шарлаян,yes
the Rostra,Ростра,,,Лор/Места/Северная пустошь/Старый Шарлаян,yes
the Nymphaeum,Нимфей,,,Лор/Места/Северная пустошь/Старый Шарлаян,yes
the Confluence,Слияние,,,Лор/Места/Северная пустошь/Старый Шарлаян,yes
the Agora,Агора,,,Лор/Места/Северная пустошь/Старый Шарлаян,yes
the Baldesion Annex,Пристройка Бальдезиона,,,Лор/Места/Северная пустошь/Старый Шарлаян,yes
the Andron,Андрон,,,Лор/Места/Северная пустошь/Старый Шарлаян,yes
Journey's End,Конец пути,,,Лор/Места/Северная пустошь/Старый Шарлаян,yes
the Leveilleur Estate,Поместье Левейёр,,,Лор/Места/Северная пустошь/Старый Шарлаян,yes
Auk's Landing,Причал гагарки,,,Лор/Места/Северная пустошь/Старый Шарлаян,yes
Scholar's Harbor,Гавань учёных,,,Лор/Места/Северная пустошь/Старый Шарлаян,yes
the Peristyle,Перистиль,,,Лор/Места/Северная пустошь/Старый Шарлаян,yes
the Last Stand,Последний рубеж,,,Лор/Места/Северная пустошь/Старый Шарлаян,yes
Nyunkrepf's Sight,Взгляд Нюнкрепфа,,,Лор/Места/Северная пустошь/Старый Шарлаян,yes
the Thaliak Stoa,Стоа Салияка,,как бог Thaliak в GuardianDeity,Лор/Места/Северная пустошь/Старый Шарлаян,yes
the Scholar,Учёный,,,Лор/Места/Северная пустошь/Старый Шарлаян,yes
Worldly Affairs,Мирские дела,,,Лор/Места/Северная пустошь/Старый Шарлаян,yes
the Aetherfont,Эфирный источник,,,Лор/Места/Северная пустошь/Старый Шарлаян,yes
Labyrinthos,Лабиринтос,,,Лор/Места/Северная пустошь/Лабиринтос,yes
the Outer Circuit,Внешний круг,,,Лор/Места/Северная пустошь/Лабиринтос,yes
the Path of Artifice,Путь Мастерства,,,Лор/Места/Северная пустошь/Лабиринтос,yes
the Phreatic Conduit,Фреатический канал,,,Лор/Места/Северная пустошь/Лабиринтос,yes
Upper Acrinthos,Верхний Акринтос,,,Лор/Места/Северная пустошь/Лабиринтос,yes
Hatching Canal,Инкубационный канал,,,Лор/Места/Северная пустошь/Лабиринтос,yes
the Aesthete's Tholos,Толос эстетов,,,Лор/Места/Северная пустошь/Лабиринтос,yes
Passemerrant Pasturponics,Пастбищная агрономика Пассмерана,,,Лор/Места/Северная пустошь/Лабиринтос,yes
Troglophile's Deep,Пещера троглофила,,,Лор/Места/Северная пустошь/Лабиринтос,yes
the Medial Circuit,Срединный круг,,,Лор/Места/Северная пустошь/Лабиринтос,yes
Lower Acrinthos,Нижний Акринтос,,,Лор/Места/Северная пустошь/Лабиринтос,yes
Mitato,Митато,,,Лор/Места/Северная пустошь/Лабиринтос,yes
Pneuma,Пневма,,,Лор/Места/Северная пустошь/Лабиринтос,yes
Phoibos,Фойбос,,,Лор/Места/Северная пустошь/Лабиринтос,yes
Psyche,Психея,,,Лор/Места/Северная пустошь/Лабиринтос,yes
Meryall Agronomics,Агрономия Мерьялла,,,Лор/Места/Северная пустошь/Лабиринтос,yes
the Thirty-third Facet,Тридцать третья грань,,,Лор/Места/Северная пустошь/Лабиринтос,yes
Mornveil Forest,Лес Морнвейл,,,Лор/Места/Северная пустошь/Лабиринтос,yes
Mistloom,Туманный ткацкий станок,,,Лор/Места/Северная пустошь/Лабиринтос,yes
Aporia,Апория,,,Лор/Места/Северная пустошь/Лабиринтос,yes
the Archeion,Архейон,,,Лор/Места/Северная пустошь/Лабиринтос,yes
Sharlayan Hamlet,Шарлаянская деревня,,,Лор/Места/Северная пустошь/Лабиринтос,yes
the Central Circuit,Центральный круг,,,Лор/Места/Северная пустошь/Лабиринтос,yes
Logistikon Alpha,Логистикон Альфа,,,Лор/Места/Северная пустошь/Лабиринтос,yes
Logistikon Beta,Логистикон Бета,,,Лор/Места/Северная пустошь/Лабиринтос,yes
Logistikon Gamma,Логистикон Гамма,,,Лор/Места/Северная пустошь/Лабиринтос,yes
Kokkol's Forge,Кузница Коккола,,,Лор/Места/Северная пустошь/Лабиринтос,yes
Thaumazein,Таумазейн,,,Лор/Места/Северная пустошь/Лабиринтос,yes
Ilsabard,Ильсабард,,,Лор/Места/Ильсабард,yes
Camp Broken Glass,Лагерь «Битое стекло»,,,Лор/Места/Ильсабард/Гарлемальд,yes
the Eblan Rime,Эбланский иней,,,Лор/Места/Ильсабард/Гарлемальд,yes
Horrea Campi,Хорреа Кампи,,,Лор/Места/Ильсабард/Гарлемальд,yes
Monitoring Station G,Станция наблюдения G,,,Лор/Места/Ильсабард/Гарлемальд,yes
Victors' Spoils,Трофеи победителей,,,Лор/Места/Ильсабард/Гарлемальд,yes
Cerulea Ingens,Церулеа Ингенс,,,Лор/Места/Ильсабард/Гарлемальд,yes
Juturna Platform G,Платформа Ютурна G,,,Лор/Места/Ильсабард/Гарлемальд,yes
Tapper's Den,Логово стукача,,,Лор/Места/Ильсабард/Гарлемальд,yes
Lapis Manalis,Лапис Маналис,,,Лор/Места/Ильсабард/Гарлемальд,yes
Regio Domorum,Регио Доморум,,,Лор/Места/Ильсабард/Гарлемальд,yes
Liminal Station IV,Пограничная станция IV,,,Лор/Места/Ильсабард/Гарлемальд,yes
the Runaway Train,Сбежавший поезд,,,Лор/Места/Ильсабард/Гарлемальд,yes
the Enceladeum,Энцеладеум,,,Лор/Места/Ильсабард/Гарлемальд,yes
Tertium,Терциум,,,Лор/Места/Ильсабард/Гарлемальд,yes
Regio Urbanissima,Регио Урбаниссима,,,Лор/Места/Ильсабард/Гарлемальд,yes
Palatium Novum,Палатиум Новум,,,Лор/Места/Ильсабард/Гарлемальд,yes
Forum Patens,Форум Патенс,,,Лор/Места/Ильсабард/Гарлемальд,yes
Forum Solius,Форум Солиус,,,Лор/Места/Ильсабард/Гарлемальд,yes
Senaculum Imperialis,Сенакулум Империалис,,,Лор/Места/Ильсабард/Гарлемальд,yes
the Pipe,Труба,,,Лор/Места/Ильсабард/Гарлемальд,yes
Werlyt,Верлит,,,Лор/Места/Ильсабард/Гарлемальд,yes
Terncliff,Тернклифф,,,Лор/Места/Ильсабард/Гарлемальд,yes
Corvos,Корвос,,,Лор/Места/Ильсабард/Гарлемальд,yes
Thavnair,Тавнаир,,,Лор/Места/Тавнаир,yes
Palaka's Stand,Стан Палаки,,,Лор/Места/Тавнаир,yes
the Shroud of the Samgha,Покров Сангхи,,,Лор/Места/Тавнаир,yes
the Wakeful Torana,Бодрствующая торана,,,Лор/Места/Тавнаир,yes
the Burning Field,Пылающее поле,,,Лор/Места/Тавнаир,yes
Pavana's Remorse,Раскаяние Паваны,,,Лор/Места/Тавнаир,yes
Agama Temple,Храм Агама,,,Лор/Места/Тавнаир,yes
the Font of Maya,Источник Майи,,,Лор/Места/Тавнаир,yes
Purusa,Пуруша,,,Лор/Места/Тавнаир,yes
the Great Work,Великое делание,,алхимический термин magnum opus,Лор/Места/Тавнаир,yes
the Perfumed Rise,Благоуханный подъём,,,Лор/Места/Тавнаир,yes
Giantsgall Grounds,Угодья гигантской желчи,,,Лор/Места/Тавнаир,yes
the Hamsa Hatchery,Питомник хамс,,,Лор/Места/Тавнаир,yes
Kadjaya's Footsteps,Шаги Каджайи,,,Лор/Места/Тавнаир,yes
Jnanamandapa,Джнянамандапа,,,Лор/Места/Тавнаир,yes
the Tower of Zot,Башня Зот,,,Лор/Места/Тавнаир,yes
Yedlihmad,Йедлихмад,,,Лор/Места/Тавнаир,yes
Vanaspati,Ванаспати,,,Лор/Места/Тавнаир,yes
Saltwind's Welcome,Привет солёного ветра,,,Лор/Места/Тавнаир,yes
Akyaali,Акьяали,,,Лор/Места/Тавнаир,yes
Svarna,Сварна,,,Лор/Места/Тавнаир,yes
Tebqeyiq,Тебкейик,,,Лор/Места/Тавнаир,yes
Ussaqeyiq,Уссакейик,,,Лор/Места/Тавнаир,yes
Alzadaal's Legacy,Наследие Альзадааля,,,Лор/Места/Тавнаир,yes
Night's Watch,Ночной дозор,,,Лор/Места/Тавнаир,yes
Radz-at-Han,Радз-ат-Хан,,,Лор/Места/Тавнаир/Радз-ат-Хан,yes
Alzadaal's Path,Путь Альзадааля,,,Лор/Места/Тавнаир/Радз-ат-Хан,yes
Alzadaal's Peace,Покой Альзадааля,,,Лор/Места/Тавнаир/Радз-ат-Хан,yes
Gajasimha Bridge,Мост Гаджасимхи,,,Лор/Места/Тавнаир/Радз-ат-Хан,yes
the Gate of First Sight,Врата Первого Взгляда,,,Лор/Места/Тавнаир/Радз-ат-Хан,yes
the Loyal Rise,Подъём верных,,,Лор/Места/Тавнаир/Радз-ат-Хан,yes
Paksa's Path,Путь Паксы,,,Лор/Места/Тавнаир/Радз-ат-Хан,yes
Artha,Артха,,,Лор/Места/Тавнаир/Радз-ат-Хан,yes
Radz-at-Han Aetheryte Plaza,Площадь эфирита Радз-ат-Хана,,,Лор/Места/Тавнаир/Радз-ат-Хан,yes
West Balshahn Bazaar,Западный базар Балшана,,,Лор/Места/Тавнаир/Радз-ат-Хан,yes
East Balshahn Bazaar,Восточный базар Балшана,,,Лор/Места/Тавнаир/Радз-ат-Хан,yes
Mehryde's Meyhane,Мейхане Мехриде,,,Лор/Места/Тавнаир/Радз-ат-Хан,yes
the High Crucible of Al-Kimiya,Высокий тигель аль-Кимии,,,Лор/Места/Тавнаир/Радз-ат-Хан,yes
Yuj,Юдж,,,Лор/Места/Тавнаир/Радз-ат-Хан,yes
Hall of the Radiant Host,Зал Сияющего воинства,,,Лор/Места/Тавнаир/Радз-ат-Хан,yes
Sundrop,Солнечная капля,,,Лор/Места/Тавнаир/Радз-ат-Хан,yes
Dharma,Дхарма,,,Лор/Места/Тавнаир/Радз-ат-Хан,yes
Ruveydah Fibers,Волокна Рувейды,,,Лор/Места/Тавнаир/Радз-ат-Хан,yes
Nilopala Nourishments,Яства Нилопалы,,,Лор/Места/Тавнаир/Радз-ат-Хан,yes
Windweft,Ветроткань,,,Лор/Места/Тавнаир/Радз-ат-Хан,yes
Meghaduta,Мегхадута,,,Лор/Места/Тавнаир/Радз-ат-Хан,yes
Kama,Кама,,,Лор/Места/Тавнаир/Радз-ат-Хан,yes
the Sea of Stars,Море звёзд,,,Лор/Места/Море звёзд,yes
Mare Lamentorum,Море Скорби,,,Лор/Места/Море звёзд/Море Скорби,yes
Sinus Lacrimarum,Залив Слёз,,Sinus Lacrimarum — латинские названия Луны переводятся,Лор/Места/Море звёзд/Море Скорби,yes
the Watcher's Palace,Дворец Наблюдателя,,,Лор/Места/Море звёзд/Море Скорби,yes
Southern Mare Lamentorum,Южное море Скорби,,,Лор/Места/Море звёзд/Море Скорби,yes
the Drowning Brand,Клеймо утопления,,,Лор/Места/Море звёзд/Море Скорби,yes
the Numbing Brand,Клеймо оцепенения,,,Лор/Места/Море звёзд/Море Скорби,yes
the Crushing Brand,Клеймо сокрушения,,,Лор/Места/Море звёзд/Море Скорби,yes
the Chlorophosgrot,Хлорофосгрот,,,Лор/Места/Море звёзд/Море Скорби,yes
Vallis Vulneris,Долина Ран,,,Лор/Места/Море звёзд/Море Скорби,yes
the Cradle of Darkness,Колыбель Тьмы,,,Лор/Места/Море звёзд/Море Скорби,yes
Sinus Tormenti,Залив Мучений,,,Лор/Места/Море звёзд/Море Скорби,yes
Heimdall's Last Sight,Последний взор «Хеймдалля»,,,Лор/Места/Море звёзд/Море Скорби,yes
Northern Mare Lamentorum,Северное море Скорби,,,Лор/Места/Море звёзд/Море Скорби,yes
Kydonia Knolls,Холмы Кидонии,,,Лор/Места/Море звёзд/Море Скорби,yes
the Biting Brand,Клеймо холода,,,Лор/Места/Море звёзд/Море Скорби,yes
the Striking Brand,Клеймо удара,,,Лор/Места/Море звёзд/Море Скорби,yes
Lovingway's Darlings,Любимцы Лавингвея,,,Лор/Места/Море звёзд/Море Скорби,yes
the Searing Brand,Клеймо жара,,,Лор/Места/Море звёзд/Море Скорби,yes
Bestways Burrow,Нора Беструт,,,Лор/Места/Море звёзд/Море Скорби,yes
Hoper's Hold,Приют надежды,,,Лор/Места/Море звёзд/Море Скорби,yes
the Carrotorium,Морковарий,,,Лор/Места/Море звёзд/Море Скорби,yes
Greatest Endsvale,Величайшая долина Конца,,,Лор/Места/Море звёзд/Море Скорби,yes
Ultima Thule,Ультима Туле,,,Лор/Места/Ультима Туле,yes
Ostrakon Deka-okto,Остракон Дека-Окто,,,Лор/Места/Ультима Туле,yes
the Ragnarok,Рагнарёк,,,Лор/Места/Ультима Туле,yes
the Vitrified Fort,Остеклённая крепость,,,Лор/Места/Ультима Туле,yes
Ahm Nohl,Ам-Ноль,,,Лор/Места/Ультима Туле,yes
Reah Tahra,Реа-Тара,,,Лор/Места/Ультима Туле,yes
Ostrakon Tria,Остракон Триа,,,Лор/Места/Ультима Туле,yes
the Wellspring of Regret,Источник сожалений,,,Лор/Места/Ультима Туле,yes
Hollow of the Flesh,Пустота плоти,,,Лор/Места/Ультима Туле,yes
Elegeia,Элегея,,,Лор/Места/Ультима Туле,yes
the Tube,Туннель,,,Лор/Места/Ультима Туле,yes
Abode of the Ea,Обитель иа,,Ea — народ; см. отдельный термин,Лор/Места/Ультима Туле,yes
Ostrakon Deka-hexi,Остракон Дека-Хекси,,,Лор/Места/Ультима Туле,yes
the Lost Hydraulic,Утраченная гидравлика,,,Лор/Места/Ультима Туле,yes
the Tree of Life,Древо жизни,,,Лор/Места/Ультима Туле,yes
Empty Portal,Пустой портал,,,Лор/Места/Ультима Туле,yes
Clouded Portal,Затуманенный портал,,,Лор/Места/Ультима Туле,yes
Fallow Portal,Залежный портал,,,Лор/Места/Ультима Туле,yes
Stigma-1,Стигма-1,,,Лор/Места/Ультима Туле,yes
Unmemoried Portal,Беспамятный портал,,,Лор/Места/Ультима Туле,yes
A-4 Research,Исследовательский участок А-4,,,Лор/Места/Ультима Туле,yes
Base Omicron,База «Омикрон»,,,Лор/Места/Ультима Туле,yes
Ostrakon Hena,Остракон Хена,,,Лор/Места/Ультима Туле,yes
the Nekropolis,Некрополь,,,Лор/Места/Ультима Туле,yes
the Last Dregs,Последний осадок,,,Лор/Места/Ультима Туле,yes
Absolute Horizon,Абсолютный горизонт,,,Лор/Места/Ультима Туле,yes
the World Unsundered,Неразделённый мир,,,Лор/Места/Ультима Туле,yes
Elpis,Эльпис,,,Лор/Места/Эльпис,yes
Philomythes Notos,Филомифес-Нотос,,,Лор/Места/Эльпис,yes
Propylaion,Пропилей,,,Лор/Места/Эльпис,yes
First Bloom,Первое цветение,,,Лор/Места/Эльпис,yes
Noetophoreon,Ноэтофореон,,,Лор/Места/Эльпис,yes
the Cthonic Horns,Хтонические Рога,,,Лор/Места/Эльпис,yes
the Mourning Dew,Скорбная роса,,,Лор/Места/Эльпис,yes
Notoneus,Нотоней,,,Лор/Места/Эльпис,yes
Anagnorisis,Анагнорисис,,,Лор/Места/Эльпис,yes
the Twelve Wonders,Двенадцать чудес,,,Лор/Места/Эльпис,yes
Kallimelios Zephyros,Каллимелиос-Зефирос,,,Лор/Места/Эльпис,yes
Peripeteia Krystalline,Кристальная перипетия,,,Лор/Места/Эльпис,yes
Northerly Zephyrneus,Северный зефирней,,,Лор/Места/Эльпис,yes
Southerly Zephyrneus,Южный зефирней,,,Лор/Места/Эльпис,yes
Metabaseos Thalassai,Метабасеос-Талассаи,,,Лор/Места/Эльпис,yes
Poieten Oikos,Поэтен-Ойкос,,,Лор/Места/Эльпис,yes
Ethoseletikos Boreas,Этоселетикос-Бореас,,,Лор/Места/Эльпис,yes
Ktisis Hyperboreia,Ктисис Гиперборея,,,Лор/Места/Эльпис,yes
Easterly Boreneus,Восточный бореней,,,Лор/Места/Эльпис,yes
Southerly Boreneus,Южный бореней,,,Лор/Места/Эльпис,yes
Misopses Euros,Мизопсес-Эурос,,,Лор/Места/Эльпис,yes
the Hungering Gardens,Алчущие сады,,,Лор/Места/Эльпис,yes
Lethe,Лета,,,Лор/Места/Эльпис,yes
Euroneus,Эуроней,,,Лор/Места/Эльпис,yes
Yok Tural,Йок-Турал,,,Лор/Места/Турал,yes
Tuliyollal,Тулийоллал,,,Лор/Места/Турал/Тулийоллал,yes
the Arterial Climb,Артериальный подъём,,,Лор/Места/Турал/Тулийоллал,yes
the Winged Walk,Крылатая тропа,,,Лор/Места/Турал/Тулийоллал,yes
Pinion's Reach,Предел Пера,,,Лор/Места/Турал/Тулийоллал,yes
Vollok Shoonsa,Воллок-Шунса,,,Лор/Места/Турал/Тулийоллал,yes
Copperstone,Медекамень,,,Лор/Места/Турал/Тулийоллал,yes
Talonmarch,Когтистый тракт,,,Лор/Места/Турал/Тулийоллал,yes
Seafoam Fields,Поля морской пены,,,Лор/Места/Турал/Тулийоллал,yes
Ek-wawya Plaza,Площадь Эк-Вавья,,,Лор/Места/Турал/Тулийоллал,yes
Xak Tural Skygate,Небесные врата Шак-Турала,,,Лор/Места/Турал/Тулийоллал,yes
Zorgor the Boundless,Зоргор Безбрежный,,,Лор/Места/Турал/Тулийоллал,yes
Brightploom Post,Пост Светлоцвета,,,Лор/Места/Турал/Тулийоллал,yes
Hunu'iliy,Хунуилий,,,Лор/Места/Турал/Тулийоллал,yes
the Resplendent Quarter,Сияющий квартал,,,Лор/Места/Турал/Тулийоллал,yes
Downripple,Низводье,,,Лор/Места/Турал/Тулийоллал,yes
High Tide Harbor,Гавань Полного прилива,,,Лор/Места/Турал/Тулийоллал,yes
Aunt Tii's Tacos,Тако тётушки Тии,,,Лор/Места/Турал/Тулийоллал,yes
Bayside Bevy,Прибрежная стайка,,,Лор/Места/Турал/Тулийоллал,yes
Wachumeqimeqi,Вачумекимеки,,,Лор/Места/Турал/Тулийоллал,yes
Exultation,Ликование,,,Лор/Места/Турал/Тулийоллал,yes
Gornitruq Gleamsands,Сверкающие пески Горнитрука,,,Лор/Места/Турал/Тулийоллал,yes
Xbalyav Ty'e,Шбальяв-Тье,,,Лор/Места/Турал/Тулийоллал,yes
Morrow's Measure,Мера грядущего,,,Лор/Места/Турал/Тулийоллал,yes
the For'ard Cabins,Носовые каюты,,,Лор/Места/Турал/Тулийоллал,yes
Arch of the Dawn,Арка рассвета,,,Лор/Места/Турал/Тулийоллал,yes
the Dawnherald,«Глашатай зари»,,корабль,Лор/Места/Турал/Тулийоллал,yes
Alpaca Stables,Стойла альпак,,,Лор/Места/Турал/Тулийоллал,yes
Dirigible Landing,Причал дирижаблей,,,Лор/Места/Турал/Тулийоллал,yes
Tuliyollal Aetheryte Plaza,Площадь эфирита Тулийоллала,,,Лор/Места/Турал/Тулийоллал,yes
Urqopacha,Уркопача,,,Лор/Места/Турал/Уркопача,yes
Chabayuqeq,Чабаюкек,,,Лор/Места/Турал/Уркопача,yes
Agave Jaws,Агавовые челюсти,,,Лор/Места/Турал/Уркопача,yes
Povlu's Peddlery,Лавка Повлу,,,Лор/Места/Турал/Уркопача,yes
Icuvlo's Inn,Постоялый двор Икувло,,,Лор/Места/Турал/Уркопача,yes
Panaqpelu Retreat,Приют Панакпелу,,,Лор/Места/Турал/Уркопача,yes
Chabameki,Чабамеки,,,Лор/Места/Турал/Уркопача,yes
Miplu's Mate Garden,Матэвый сад Миплу,,,Лор/Места/Турал/Уркопача,yes
Ciblu's Coffee Grounds,Кофейные угодья Циблу,,,Лор/Места/Турал/Уркопача,yes
Oruncanca,Орунканка,,,Лор/Места/Турал/Уркопача,yes
Solace,Утешение,,,Лор/Места/Турал/Уркопача,yes
Shades of Grief,Тени скорби,,,Лор/Места/Турал/Уркопача,yes
Naryor Gorna,Нарьор-Горна,,,Лор/Места/Турал/Уркопача,yes
Shelter,Укрытие,,,Лор/Места/Турал/Уркопача,yes
Sorrow,Печаль,,,Лор/Места/Турал/Уркопача,yes
Sunken Stars,Затонувшие звёзды,,,Лор/Места/Турал/Уркопача,yes
Proof,Свидетельство,,,Лор/Места/Турал/Уркопача,yes
Chirwagur Saltern,Солеварня Чирвагур,,,Лор/Места/Турал/Уркопача,yes
Chirwagur Lake,Озеро Чирвагур,,,Лор/Места/Турал/Уркопача,yes
Larh Tortoh,Лар-Торто,,,Лор/Места/Турал/Уркопача,yes
Worqor Lar Dor,Воркор-Лар-Дор,,,Лор/Места/Турал/Уркопача,yes
Sentinel,Страж,,,Лор/Места/Турал/Уркопача,yes
Indelible Passage,Неизгладимый проход,,,Лор/Места/Турал/Уркопача,yes
Karvarhur the First,Карвархур Первый,,,Лор/Места/Турал/Уркопача,yes
Wachunpelo,Вачунпело,,,Лор/Места/Турал/Уркопача,yes
the Family Ranch,Семейное ранчо,,,Лор/Места/Турал/Уркопача,yes
Mezcal Distillery,Мескальная винокурня,,,Лор/Места/Турал/Уркопача,yes
Delicate Designs,Тонкая работа,,,Лор/Места/Турал/Уркопача,yes
Worlar's Echo,Эхо Ворлара,,,Лор/Места/Турал/Уркопача,yes
Karryorzar the Gracious,Карриорзар Милостивый,,,Лор/Места/Турал/Уркопача,yes
Ten Thousand Steps,Десять тысяч ступеней,,,Лор/Места/Турал/Уркопача,yes
Yak T'el,Як-Тэл,,,Лор/Места/Турал/Як-Тэл,yes
the Ut'ohmu Horizon,Горизонт Ут'охму,,,Лор/Места/Турал/Як-Тэл,yes
Xd'aa Talat Tsoly,Шд'аа-Талат-Цоли,,,Лор/Места/Турал/Як-Тэл,yes
the Fanged Foundry,Клыкастая кузня,,,Лор/Места/Турал/Як-Тэл,yes
Xmun Hojaw,Шмун-Ходжав,,,Лор/Места/Турал/Як-Тэл,yes
Nightstalker's Shadow,Тень ночного охотника,,,Лор/Места/Турал/Як-Тэл,yes
Yak Awak Tsoly,Як-Авак-Цоли,,,Лор/Места/Турал/Як-Тэл,yes
Iq Br'aax,Ик-Бр'аш,,,Лор/Места/Турал/Як-Тэл,yes
Garden of the Stars,Сад звёзд,,,Лор/Места/Турал/Як-Тэл,yes
the Xobr'it Cinderfield,Пепельное поле Шобр'ит,,,Лор/Места/Турал/Як-Тэл,yes
Iq Rrax Tsoly,Ик-Рраш-Цоли,,,Лор/Места/Турал/Як-Тэл,yes
Xobr'it Tsoly,Шобр'ит-Цоли,,,Лор/Места/Турал/Як-Тэл,yes
Village of Ilyon Asoh,Деревня Ильон-Асо,,,Лор/Места/Турал/Як-Тэл,yes
the Ty'iinbek Traverse,Перевал Тьи'инбек,,,Лор/Места/Турал/Як-Тэл,yes
Xty'iinbek Tsoly,Штьи'инбек-Цоли,,,Лор/Места/Турал/Як-Тэл,yes
Mamook,Мамук,,,Лор/Места/Турал/Як-Тэл,yes
Sapsweet Cenote,Сенот Сладкого сока,,,Лор/Места/Турал/Як-Тэл,yes
the Glory of Moxuk Reloonuk,Слава Мошук-Релунука,,,Лор/Места/Турал/Як-Тэл,yes
the Ja Tiika Heartland,Сердцеземье Джа-Тиика,,,Лор/Места/Турал/Як-Тэл,yes
Blue-eyes' Abode,Обитель Синеглазой,,,Лор/Места/Турал/Як-Тэл,yes
Bitterbark Cenote,Сенот Горькой коры,,,Лор/Места/Турал/Як-Тэл,yes
Golmajiik Grove,Роща Голмаджиик,,,Лор/Места/Турал/Як-Тэл,yes
Tree of Living Light,Древо живого света,,,Лор/Места/Турал/Як-Тэл,yes
Cenote Neyozzote,Сенот Нейоззоте,,,Лор/Места/Турал/Як-Тэл,yes
Choliselvaas,Чолисельваас,,,Лор/Места/Турал/Як-Тэл,yes
Moxutural Zooj,Мошутурал-Зуудж,,,Лор/Места/Турал/Як-Тэл,yes
Gok Golma,Гок-Голма,,,Лор/Места/Турал/Як-Тэл,yes
the Cerulean Cexudross,Лазурный Шекудросс,,,Лор/Места/Турал/Як-Тэл,yes
Cenote Jayunja,Сенот Джаюнджа,,,Лор/Места/Турал/Як-Тэл,yes
Whetstone,Точило,,,Лор/Места/Турал/Як-Тэл,yes
Ankledeep,По щиколотку,,,Лор/Места/Турал/Як-Тэл,yes
Gok Draak Descent,Спуск Гок-Драак,,,Лор/Места/Турал/Як-Тэл,yes
the Skydeep Cenote,Небесный сенот,,,Лор/Места/Турал/Як-Тэл,yes
Skydeep Cenote Inner Chamber,Внутренняя камера Небесного сенота,,,Лор/Места/Турал/Як-Тэл,yes
Kozama'uka,Козама'ука,,,Лор/Места/Турал/Козама'ука,yes
Uyuyub',Уюйуб',,,Лор/Места/Турал/Козама'ука,yes
House of Winds High,Дом Высоких ветров,,,Лор/Места/Турал/Козама'ука,yes
Bopo'uihih,Бопо'уихих,,,Лор/Места/Турал/Козама'ука,yes
Xodune,Шодуне,,,Лор/Места/Турал/Козама'ука,yes
Cave Kikitola,Пещера Кикитола,,,Лор/Места/Турал/Козама'ука,yes
Xo'onu,Шо'ону,,,Лор/Места/Турал/Козама'ука,yes
Xopik',Шопик',,,Лор/Места/Турал/Козама'ука,yes
Miyakabek'zu,Миякабек'зу,,,Лор/Места/Турал/Козама'ука,yes
House of Waters High,Дом Высоких вод,,,Лор/Места/Турал/Козама'ука,yes
Ok'bek'be,Ок'бек'бе,,,Лор/Места/Турал/Козама'ука,yes
Fields of Gold,Золотые поля,,,Лор/Места/Турал/Козама'ука,yes
Bridge Puyhu,Мост Пуйху,,,Лор/Места/Турал/Козама'ука,yes
Breath Between,Передышка,,,Лор/Места/Турал/Козама'ука,yes
Ku'uxage,Ку'ушадже,,,Лор/Места/Турал/Козама'ука,yes
Uyuypoga,Уюйпога,,,Лор/Места/Турал/Козама'ука,yes
Dock Poga,Причал Пога,,,Лор/Места/Турал/Козама'ука,yes
Kozanuakiy,Козануакий,,,Лор/Места/Турал/Козама'ука,yes
Stride of the Sun,Поступь солнца,,,Лор/Места/Турал/Козама'ука,yes
Flight of We Wingless,Полёт бескрылых,,,Лор/Места/Турал/Козама'ука,yes
the Dewspun Bank,Росный берег,,,Лор/Места/Турал/Козама'ука,yes
Deceiver's Mantel,Мантия обманщика,,,Лор/Места/Турал/Козама'ука,yes
Dock Tumu,Причал Туму,,,Лор/Места/Турал/Козама'ука,yes
Miyakabek'zoma,Миякабек'зома,,,Лор/Места/Турал/Козама'ука,yes
Marsh Ligaka,Болото Лигака,,,Лор/Места/Турал/Козама'ука,yes
the Glostfired Bank,Обожжённый берег,,,Лор/Места/Турал/Козама'ука,yes
Ihuykatumu,Ихуйкатуму,,,Лор/Места/Турал/Козама'ука,yes
Shoals of No Return,Отмели невозврата,,,Лор/Места/Турал/Козама'ука,yes
Cracked Cistern,Треснувшая цистерна,,,Лор/Места/Турал/Козама'ука,yes
Ok'hanu,Ок'хану,,,Лор/Места/Турал/Козама'ука,yes
Many Fires,Множество огней,,,Лор/Места/Турал/Козама'ука,yes
Earthenshire,Земляная усадьба,,,Лор/Места/Турал/Козама'ука,yes
the Workpot,Гончарная,,,Лор/Места/Турал/Козама'ука,yes
Airship,Дирижабль,airships,,Лор/Понятия,yes
Allagan imperial line,Аллагская императорская династия,,,Лор/Понятия,yes
Alliance,Альянс,,Эорзейский альянс.,Лор/Организации,yes
Amaro,Амаро,amaros,,Лор/Существа,yes
Ardor,Преображение,,,Лор/Понятия,yes
Astral,Астрал,,,Лор/Понятия,yes
Auracite,Аурацит,,,Лор/Понятия,yes
Beautiful branch,Прелестная веточка,,,Лор/Понятия,yes
Black Rose,Чёрная роза,,,Лор/Понятия,yes
Blessing of Light,Благословение света,,,Лор/Понятия,yes
Calamity,Бедствие,,,Лор/Понятия,yes
Chocobo,Чокобо,chocobos,,Лор/Существа,yes
Daedalus Stoneworks,Каменоломни Дедала,,,Лор/Организации,yes
Daughter of the Night,Дочь Ночи,,,Лор/Понятия,yes
Ephemeral existence,эфемерное бытие,,,Лор/Понятия,yes
Eulmoran,Юлморец,,Прилагательное — юлморский.,Лор/Народы,yes
Eulmorans,Юлморцы,,,Лор/Народы,yes
Flood,Потоп,,,Лор/Понятия,yes
Flood of Light,Потоп света,,,Лор/Понятия,yes
Fragmented existence,расколотое бытие,,,Лор/Понятия,yes
Garlean Empire,Гарлеанская империя,,,Лор/Организации,yes
Gukumatz,Гукумац,,,Лор/Существа,yes
Gunblade,Ганблейд,gunblades,Оружие ганбрейкера.,Лор/Понятия,yes
His Benevolence,Его Благосклонность,,титул,Лор/Титулы и звания,yes
His Radiance,Его Сиятельство,,титул,Лор/Титулы и звания,yes
Ilm,ильм,ilms,"Мера длины, меньше ялма (≈ дюйм).",Лор/Меры,yes
Imperial Pilus Prior,имперский пилус-приор,,Звание гарлеанской армии.,Лор/Титулы и звания,yes
Kobold,Кобольд,kobolds,,Лор/Народы/Союзные племена,yes
Legatus,Легат,legati,Командующий гарлеанским легионом.,Лор/Титулы и звания,yes
Lifestream,Река Жизни,,,Лор/Понятия,yes
Magitek facility,магитек-завод,,,Лор/Понятия,yes
Malm,Мальм,malms,Мера длины (≈ миля).,Лор/Меры,yes
Magitek,Магитек,,,Лор/Понятия,yes
Meol,Меол,,,Лор/Понятия,yes
Mord,Морд,,,Лор/Понятия,yes
Mystel,Мистель,Mystels,,Лор/Народы,yes
Nu Mou,Ну Мо,,,Лор/Народы,yes
Ondo,Ондо,,,Лор/Народы,yes
Paragon,парагон,,,Лор/Понятия,yes
Pixie,Пикси,pixies,,Лор/Народы,yes
Reflections,Отражения,,Отражения Первого; ед. ч. — Отражение.,Лор/Понятия,yes
Rejoining,Воссоединение,,,Лор/Понятия,yes
Rift,Разлом,,,Лор/Понятия,yes
Royal Eye,Королевское око,,,Лор/Понятия,yes
Sapling,Росточек,,,Лор/Понятия,yes
Shards,Осколки,,Осколки мира; ед. ч. — Осколок.,Лор/Понятия,yes
the Final Days,Последние дни,,,Лор/Понятия,yes
the great sundering,Великий раскол,,,Лор/Понятия,yes
Umbral,умбральный,,Umbral Era — Умбральная эра,Лор/Понятия,yes
Umbral Calamity,Умбральное бедствие,,,Лор/Понятия,yes
Warden,Страж,,,Лор/Понятия,yes
Yalm,Ялм,yalms,Мера длины (≈ ярд).,Лор/Меры,yes
Fuath,Фуат,fuaths,,Лор/Существа,yes
Аdventurer Plate,Профиль персонажа,,,Интерфейс,yes
Squadron Chemisrty,Слаженность,,,Интерфейс,yes
Disciple of War,Физический класс,,,Интерфейс,yes
Disciple of Magic,Магический класс,,,Интерфейс,yes
Disciple of Hand,Ремесленник,,,Интерфейс,yes
Disciple of Land,Собиратель,,,Интерфейс,yes
Battlecraft,Боевой класс,,,Интерфейс,yes
Fieldcreft/Tradecraft,Мирный класс,,,Интерфейс,yes
Purchase Disciple of War Gear,Купить снаряжение для физических классов,,,Интерфейс,yes
Purchase Disciple of Magic Gear,Купить снаряжение для магических классов,,,Интерфейс,yes
Purchase Disciple of Hand/Land Gear,Купить снаряжение ремесленников и собирателей,,,Интерфейс,yes
Nothing,Назад,,интерфейс; пункт меню «ничего не выбирать»,Интерфейс,yes
Purchase Fieldcreft/Tradecraft Accessories,Купить аксессуары для ремесленников и собирателей,,,Интерфейс,yes
Purchase Disciple of War Arms,Купить оружие для физических классов,,,Интерфейс,yes
Purchase Disciple of Magic Arms,Купить оружие для магических классов,,,Интерфейс,yes
Purchase Disciple of the Hand Tools,Купить инструменты ремесленников,,,Интерфейс,yes
Purchase Disciple of the Land Tools,Купить инструменты собирателей,,,Интерфейс,yes
Purchase Items,Купить предметы,,,Интерфейс,yes
Satisfaction level,Уровень удовлетворённости,,,Интерфейс,yes
Сharacter,Персонаж,,,Интерфейс,yes
Action &Traits,Действия и таланты,,,Интерфейс,yes
--- Barding,Сбруя,,,Интерфейс,
--- Horn,Рог,,,Интерфейс,
--- Whistle,Свисток,,,Интерфейс,
--- Identification Key,Ключ идентификации,,,Интерфейс,
--- Parasol,Зонтик,,,Интерфейс,
Calamity Salvager,Хранитель утраченного,,,Интерфейс,yes
Junkmonger,Торговец всякой всячиной,,,Интерфейс,yes
Gil,Гил,,,Интерфейс,yes
Company Seals,Печати Компании,,,Интерфейс,yes
Storm Seals,Печати Водоворота,,,Интерфейс,yes
Flame Seals,Печати Пламени,,,Интерфейс,yes
Serpent Seals,Печати Змей,,,Интерфейс,yes
Ventures,Жетоны странствий,,,Интерфейс,yes
MGP,МГП,,,Интерфейс,yes
Allagan Tomestones,Аллагский томстоун,,,Интерфейс,yes
Wolf Marks,Волчья метка,,,Интерфейс,yes
Wolf Collar,Волчий ошейник,,,Интерфейс,yes
Trophy Crystals,Трофейные кристаллы,,,Интерфейс,yes
Allied Seals,Печати Альянса,,,Интерфейс,yes
Centurio Seals,Печати Центурио,,,Интерфейс,yes
Sack of Nuts,Мешочек орехов,,,Интерфейс,yes
Bicolor Gemstone,Двуцветный камень,,,Интерфейс,yes
Skybuilders' Scrips,Жетоны Небесных строителей,,,Интерфейс,yes
Steel Amalj'ok,Стальное клеймо амальджа,,,Интерфейс,yes
Sylphic Goldleaf,Золотой листочек сильфов,,,Интерфейс,yes
Titan Cobaltpiece,Обломки кобольдитана,,,Интерфейс,yes
Rainbowtide Psashp,Ракушка Радужного прилива,,,Интерфейс,yes
Ixali Oaknot,Дубовый знак иксалей,,,Интерфейс,yes
Vanu Whitebone,Белая кость вану,,,Интерфейс,yes
Black Copper Gil,Гил из чёрной меди,,,Интерфейс,yes
Carved Kupo Nut,Резной купорех,,,Интерфейс,yes
Kojin Sango,Коралл кодзинов,,,Интерфейс,yes
Ananta Dreamstaff,Жезл грёз ананта,,,Интерфейс,yes
Namazu Koban,Золотая монета намазу,,,Интерфейс,yes
Fae Fancy,Грёза пикси,,,Интерфейс,yes
Qitari Compliment,Дар китари,,,Интерфейс,yes
Hammered Frogment,Лапка чеканной лягушки,,,Интерфейс,yes
Arkasodara Pana,Пана аркасодара,,,Интерфейс,yes
Omicron Omnitoken,Омнитокен омикронов,,,Интерфейс,yes
Loporrit Carat,Лунорковь лопорритов,,,Интерфейс,yes
Pelu Pelplume,Пелу Пелуслив,,,Интерфейс,yes
Mamool Ja Nanook,Нанук мамул-джа,,,Интерфейс,yes
Yok Huy Ward,Тотем йок-хуй,,,Интерфейс,yes
Achievement Certificates,Сертификат достижений,,,Интерфейс,yes
Company Credits,Очки вклада Вольной компании,,,Интерфейс,yes
Cosmocredit,Космокредит,,,Интерфейс,yes
Lunar Credit,Лунные кредиты,,,Интерфейс,yes
Phaenna Credit,Кредиты Фаэнны,,,Интерфейс,yes
Oizys Credit,Кредиты Оизиса,,,Интерфейс,yes
Oizys Dronebit,Фрагмент дрона Оизиса,,,Интерфейс,yes
Auxesia Credit,Кредиты Ауксезии,,,Интерфейс,yes
Auxesia Dronebit,Фрагмент дрона Ауксезии,,,Интерфейс,yes
Bozjan Cluster,Бозья,,,Интерфейс,yes
Enlightenment Silver Piece,Серебряная монета Просветления,,,Интерфейс,yes
Enlightenment Gold Piece,Золотая монета Просветления,,,Интерфейс,yes
Sanguine Cipher,Кровавая печать,,,Интерфейс,yes
Enlightenment Silver Obol,Серебряный обол Просветления,,,Интерфейс,yes
Enlightenment Gold Obol,Золотой обол Просветления,,,Интерфейс,yes
Arcane Amulets,Тайные амулеты,,,Интерфейс,yes
Faux Leaf,Лист Фо,,,Интерфейс,yes
MGF,МГФ,,,Интерфейс,yes
Territory Token,Токен местности,,,Интерфейс,yes
Seafarer's Cowrie,Каури морехода,,,Интерфейс,yes
Islander's Cowrie,Каури островитянина,,,Интерфейс,yes
Felicitous Token,Муркоин,,,Интерфейс,yes
Merchants,торговцы,,,Интерфейс,yes
Amalj'aa Vendor,Торговец амальджа,,,Интерфейс,yes
Apartment Merchant,Продавец товаров для дома и сада,,,Интерфейс,yes
Apothecary,Аптекарь,,,Интерфейс,yes
Arms Supplier,Торговец оружием,,,Интерфейс,yes
Arms Supplier & Mender,Торговец оружием и ремонтник,,,Интерфейс,yes
Battlecraft Armorer,Бронник,,,Интерфейс,yes
Battlecraft Supplier,Поставщик боевого снаряжения,,,Интерфейс,yes
Black Rabbit Traders,Торговцы «Чёрного кролика»,,,Интерфейс,yes
Boughbury Trader,Торговец из Баубери,,,Интерфейс,yes
Boutique Vendor,Продавец бутика,,,Интерфейс,yes
Ceremony Outfitter,торговец свадебными нарядами,,,Интерфейс,yes
Clothier,Портной,,,Интерфейс,yes
Crafting Tome Vendor,Торговец томами ремесленников,,,Интерфейс,yes
Dyemonger,Торговец красками,,,Интерфейс,yes
Encampment Armorer,Бронник лагеря,,,Интерфейс,yes
Encampment Clothier,Портной лагеря,,,Интерфейс,yes
Encampment Clothier & Tailor,Портной и швея лагеря,,,Интерфейс,yes
Feathertrader,Торговец чокобо,,,Интерфейс,yes
Fieldcraft Merchant,Торговец снаряжением собирателей,,,Интерфейс,yes
Fieldcraft Supplier,Поставщик снаряжения собирателей,,,Интерфейс,yes
Fishmonger,Торговец рыбой,,,Интерфейс,yes
Flame Quartermaster,Интендант Пламени,,,Интерфейс,yes
Florist,Цветочник,,,Интерфейс,yes
Foreign Merchant,Иностранный торговец,,,Интерфейс,yes
Friend to the Land and Hand,Друг ремесленников и земледельцев,,,Интерфейс,yes
Gold Saucer Attendant,Служитель Золотого блюдца,,,Интерфейс,yes
Guild Supplier,Поставщик гильдии,,,Интерфейс,yes
Herbalist,Травник,,,Интерфейс,yes
Housing Merchant,Торговец товарами для дома,,,Интерфейс,yes
Hunt Billmaster,Распорядитель охоты,,,Интерфейс,yes
Independent Apothecary,Независимый аптекарь,,,Интерфейс,yes
Independent Armorer,Независимый бронник,,,Интерфейс,yes
Independent Armorfitter,Независимый мастер по доспехам,,,Интерфейс,yes
Independent Arms Merchant,Независимый торговец оружием,,,Интерфейс,yes
Independent Culinarian,Независимый кулинар,,,Интерфейс,yes
Independent Importer,Независимый импортёр,,,Интерфейс,yes
Independent Jeweler,Независимый ювелир,,,Интерфейс,yes
Independent Merchant,Независимый торговец,,,Интерфейс,yes
Independent Sutler,Независимый маркитант,,,Интерфейс,yes
Independent Tailor,Независимый портной,,,Интерфейс,yes
Independent Tinker,Независимый лудильщик,,,Интерфейс,yes
Ixali Vendor,Торговец иксалов,,,Интерфейс,yes
Jeweler,Ювелир,,,Интерфейс,yes
Kornago Merchant,Торговец из Корнаго,,,Интерфейс,yes
Luxury Trader,Торговец редкостями,,,Интерфейс,yes
Mahjong Vendor,Торговец маджонгом,,,Интерфейс,yes
Mammet Voyager #004A,Маммет-путешественник № 004A,,,Интерфейс,yes
Master of the Rolls,Хранитель достижений,,,Интерфейс,yes
Material Supplier,Торговец материалами,,,Интерфейс,yes
Minion Trader,Торговец миньонами,,,Интерфейс,yes
Modern Aesthetics Saleswoman,Торговец модными образами,,,Интерфейс,yes
Music Roll Vendor,Торговец нотными свитками,,,Интерфейс,yes
OIC Quartermaster,Интендант штаба Альянса,,,Интерфейс,yes
Potwatch,Повар,,,Интерфейс,yes
Prize Claim,Выдача призов,,,Интерфейс,yes
Replica Vendor,Торговец репликами,,,Интерфейс,yes
Resident Caretaker,Смотритель жилого района,,,Интерфейс,yes
Rowena's Representative,Представитель Ровены,,,Интерфейс,yes
Rudius Proprietor,Хозяин «Рудиуса»,,,Интерфейс,yes
Schematic Board,Доска чертежей,,,Интерфейс,yes
Serpent Quartermaster,Интендант Змей,,,Интерфейс,yes
Servant of Splendors,Служитель великолепия,,,Интерфейс,yes
Shopkeep,Лавочник,,,Интерфейс,yes
Spoils Collector,Скупщик трофеев,,,Интерфейс,yes
Storm Quartermaster,Интендант Водоворота,,,Интерфейс,yes
Tap Keeper,Трактирщик,,,Интерфейс,yes
the Wandering Executive,Странствующий делец,,,Интерфейс,yes
Tool Supplier,Поставщик инструментов,,,Интерфейс,yes
Tradecraft Merchant,Торговец снаряжением ремесленников,,,Интерфейс,yes
Traveling Armorer,Странствующий бронник,,,Интерфейс,yes
Triple Triad Trader,Торговец картами Тройной триады,,,Интерфейс,yes
Whistling Miller Proprietor,Хозяин «Свистящего мельника»,,,Интерфейс,yes
Ixali,Иксали,,,Лор/Народы/Союзные племена,yes
Ehcatl Nine,Девятка Экатлей,,,Лор/Народы/Союзные племена,yes
Dezul Qualan,Дезул Куалан,,,Лор/Народы/Союзные племена,yes
featherless,беспёрый,featherlesses,Так иксали называют людей.,Лор/Народы/Союзные племена,
Brotherhood of Ash,Братство Пепла,,,Лор/Народы/Союзные племена,yes
Amalj'aa,Амальджа,,,Лор/Народы/Союзные племена,yes
Sylph,Сильф,sylphs,,Лор/Народы/Союзные племена,yes
the Sylphs of Little Solace,Сильфы Малого Утешения,,,Лор/Народы/Союзные племена,yes
the 789th Order,789-й орден,,,Лор/Народы/Союзные племена,yes
Sahagin,Сахагин,,,Лор/Народы/Союзные племена,yes
the Sahagin of Novv's Clutch,Сахагины кладки Новв,,,Лор/Народы/Союзные племена,yes
Vanu Vanu,Вану Вану,,,Лор/Народы/Союзные племена,yes
the Gundu Tribe,Племя Гунду,,,Лор/Народы/Союзные племена,yes
the Vundu Tribe,Племя Вунду,,,Лор/Народы/Союзные племена,yes
Vundu Strongarm,Вунду Сильнорук,,,Лор/Народы/Союзные племена,yes
Vath,Ват,,,Лор/Народы/Союзные племена,yes
Gnath,Гнат,,,Лор/Народы/Союзные племена,yes
the Mogmenders of Moghome,Муглы-ремонтники из Могдома,,,Лор/Народы/Союзные племена,yes
Ala Mhigan Resistance,Ала-мигойское сопротивление,,,Лор/Организации,yes
Alacran,Алакран,,банда в Ала Миго,Лор/Организации,yes
Ascension Arcadia,Аркадия Вознесения,,,Лор/Организации,yes
Auspice,Ауспиций,,,Лор/Организации,yes
Balyk Consortium,Консорциум Балык,,,Лор/Организации,yes
Blades of Gunnhildr,Клинки Гуннхильды,,,Лор/Организации,yes
Bozjan Resistance,Бозьеское сопротивление,,,Лор/Организации,yes
Circle of Knowing,Круг Знания,,совет Шарлаяна,Лор/Организации,yes
Company of Heroes,Компания героев,,гладиаторы Колизея Уль'ды,Лор/Организации,yes
Crania Lupi,Крания Люпи,,латинское «волчьи черепа»,Лор/Организации,yes
Crystal Braves,Кристальные храбрецы,,,Лор/Организации,yes
Darklight Raiders,Налётчики Тёмного света,,,Лор/Организации,yes
Doman Liberation Front,Доманский фронт освобождения,,,Лор/Организации,yes
Dravanian Horde,Драванская орда,,,Лор/Организации,yes
East Aldenard Trading Company,Восточно-Альденардская торговая компания,,,Лор/Организации,yes
Endless,Бесконечные,,Endless в Мире Слёз (Endwalker),Лор/Организации,yes
Fist of Rhalgr,Кулак Ралгра,,,Лор/Организации,yes
Heavens' Ward,Небесная стража,,двенадцать рыцарей Тордана,Лор/Организации,yes
High Houses of Ishgard,Высокие дома Ишгарда,,,Лор/Организации,yes
House Manderville,Дом Мандервиль,,,Лор/Организации,yes
Illuminati,Иллюминаты,,,Лор/Организации,yes
Ilsabard Contingent,Ильсабардский контингент,,,Лор/Организации,yes
Ishgardian Orthodox Church,Ишгардская ортодоксальная церковь,,,Лор/Организации,yes
Knights of the Barracuda,Рыцари Барракуды,,,Лор/Организации,yes
Lente's Tears,Слёзы Ленте,,,Лор/Организации,yes
Magitek Academy,Магитек-академия,,,Лор/Организации,yes
Majestic Theater Company,Труппа «Маджестик»,,,Лор/Организации,yes
NOAH,«Ной»,,,Лор/Организации,yes
Order of Nald'thal,Орден Налд'тала,,,Лор/Организации,yes
Path of the Twelve,Путь Двенадцати,,,Лор/Организации,yes
Populares,Популяры,,гарлеанская партия,Лор/Организации,yes
Project Meteor,Проект «Метеор»,,,Лор/Организации,yes
Radiant Host,Сияющее воинство,,как Hall of the Radiant Host,Лор/Организации,yes
Redbelly Wasps,Краснобрюхие осы,,,Лор/Организации,yes
Sekiseigumi,Сэкисэйгуми,,,Лор/Организации,yes
Shazenkai,Садзэнкай,,,Лор/Организации,yes
Stone Torches,Каменные факелы,,,Лор/Организации,yes
Sultansworn,Присягнувшие султанше,,личная гвардия Наномо,Лор/Организации,yes
the Brass Blades,Медные клинки,,,Лор/Организации,yes
the Confederacy,Конфедерация,,"пиратская, Ракуза",Лор/Организации,yes
the Continental Circus,Континентальный цирк,,,Лор/Организации,yes
the Convictors,Осуждённые,,,Лор/Организации,yes
the Coral Tridents,Коралловые трезубцы,,,Лор/Организации,yes
the Harbor Herald,«Портовый вестник»,,газета Лимсы,Лор/Организации,yes
the Lambs of Dalamud,Агнцы Даламуда,,,Лор/Организации,yes
the Landsguard,Земская стража,,Лимса Ломинса,Лор/Организации,yes
the League of Lost Bastards,Лига потерянных ублюдков,,,Лор/Организации,yes
the Mirage Trust,Трест «Мираж»,,,Лор/Организации,yes
the Mythril Eye,«Мифриловое око»,,газета Уль'ды,Лор/Организации,yes
the Raven,Ворон,,,Лор/Организации,yes
the Serpent Reavers,Змеиные налётчики,,,Лор/Организации,yes
the Songbirds,Певчие птицы,,,Лор/Организации,yes
the Sons of Saint Coinach,Сыны святого Койнаха,,,Лор/Организации,yes
the Students of Baldesion,Ученики Бальдезиона,,,Лор/Организации,yes
the Syndicate,Синдикат,,Уль'да,Лор/Организации,yes
the Temple Knights,Храмовые рыцари,,,Лор/Организации,yes
the Winterers,Зимовщики,,,Лор/Организации,yes
the Yellowjackets,Жёлтые мундиры,,стража Лимсы,Лор/Организации,yes
Upright Thieves,Честные воры,,,Лор/Организации,yes
Aetherochemistry,эфирохимия,,,Лор/Понятия,yes
Archons,архонты,,Шарлаян,Лор/Понятия,yes
Aspect,аспект,,,Лор/Понятия,yes
Ceruleum,церулеум,,,Лор/Понятия,yes
Dragonsong War,Война Песни дракона,,тысячелетняя война Ишгарда,Лор/Понятия,yes
Dynamis,динамис,,,Лор/Понятия,yes
Electrope,электроп,,,Лор/Понятия,yes
Entelechy,энтелехия,,,Лор/Понятия,yes
Eorzean Faiths,вера Эорзеи,,,Лор/Понятия,yes
Ethos,этос,,,Лор/Понятия,yes
Geomancy,геомантия,,,Лор/Понятия,yes
Machina,махина,machinae,,Лор/Понятия,yes
Magitek Armor,магитековая броня,,,Лор/Понятия,yes
Near East,Ближний Восток,,регион Тавнаира и Радз-ат-Хана,Лор/Понятия,yes
Far East,Дальний Восток,,,Лор/Понятия,yes
Nullstone,нуль-камень,,,Лор/Понятия,yes
Realmships,корабли миров,,,Лор/Понятия,yes
Regulator,регулятор,,,Лор/Понятия,yes
Resonant,Резонант,,прототип Ала-Миго,Лор/Понятия,yes
the Elements,стихии,,,Лор/Понятия,yes
the Fourth,Четвёртый,,Четвёртое Отражение,Лор/Понятия,yes
the Unending Codex,Бесконечный кодекс,,,Лор/Понятия,yes
the Void,Бездна,,,Лор/Понятия,yes
Voidsent,порождения Бездны,,,Лор/Понятия,yes
White Auracite,белый аурацит,,,Лор/Понятия,yes
Zilart,зиларты,,,Лор/Понятия,yes
Imperial Legion,имперский легион,VIth Imperial Legion; XIVth Imperial Legion,"VI легион, XIV легион — римскими цифрами",Лор/Понятия,yes
Eorzea,Эорзея,Eorzean,прилагательное — эорзейский,Лор/Понятия,yes
Astral Era,Астральная эра,,,Лор/Понятия,yes
Umbral Era,Умбральная эра,,,Лор/Понятия,yes
Seventh Astral Era,Седьмая Астральная эра,,,Лор/Понятия,yes
Sixth Astral Era,Шестая Астральная эра,,,Лор/Понятия,yes
Dalamud,Даламуд,,,Лор/Понятия,yes
Allag,Аллаг,,,Лор/Понятия,yes
Meteion,Метейон,,,Лор/Понятия,yes
Halone,Халон,"Halone, the Fury",Фурия,Лор/Персонажи и божества,yes
Menphina,Менфина,"Menphina, the Lover",Возлюбленная,Лор/Персонажи и божества,yes
Thaliak,Салияк,"Thaliak, the Scholar",Учёный,Лор/Персонажи и божества,yes
Nymeia,Нимейя,"Nymeia, the Spinner",Пряха,Лор/Персонажи и божества,yes
Llymlaen,Лимлейн,"Llymlaen, the Navigator",Мореходка,Лор/Персонажи и божества,yes
Oschon,Ошон,"Oschon, the Wanderer",Странник,Лор/Персонажи и божества,yes
Byregot,Биергот,"Byregot, the Builder",Строитель,Лор/Персонажи и божества,yes
Rhalgr,Ралгр,"Rhalgr, the Destroyer",Разрушитель,Лор/Персонажи и божества,yes
Azeyma,Азейма,"Azeyma, the Warden",Страж,Лор/Персонажи и божества,yes
Nald'thal,Налд'тал,"Nald'thal, the Traders; Nald; Thal","Торговцы; Нальд и Тал — по отдельности (Врата Нальда, Ступени Тала)",Лор/Персонажи и божества,yes
Nophica,Нофика,"Nophica, the Matron",Матрона,Лор/Персонажи и божества,yes
Althyk,Алдик,"Althyk, the Keeper",Хранитель; по японскому アルジク,Лор/Персонажи и божества,yes
Ifrit,Ифрит,,,Лор/Персонажи и божества,yes
Titan,Титан,,,Лор/Персонажи и божества,yes
Garuda,Гаруда,,,Лор/Персонажи и божества,yes
Leviathan,Левиафан,,,Лор/Персонажи и божества,yes
Ramuh,Раму,,,Лор/Персонажи и божества,yes
Shiva,Шива,,,Лор/Персонажи и божества,yes
Bahamut,Бахамут,,,Лор/Персонажи и божества,yes
Odin,Один,,,Лор/Персонажи и божества,yes
Ravana,Равана,,,Лор/Персонажи и божества,yes
Thordan,Тордан,King Thordan,,Лор/Персонажи и божества,yes
Nidhogg,Нидхёгг,,,Лор/Персонажи и божества,yes
Hraesvelgr,Хресвельг,,,Лор/Персонажи и божества,yes
Sephirot,Сефирот,,,Лор/Персонажи и божества,yes
Sophia,София,,,Лор/Персонажи и божества,yes
Zurvan,Зурван,,,Лор/Персонажи и божества,yes
Susano,Сусано,,,Лор/Персонажи и божества,yes
Lakshmi,Лакшми,,,Лор/Персонажи и божества,yes
Shinryu,Синрю,,,Лор/Персонажи и божества,yes
Tsukuyomi,Цукуёми,,,Лор/Персонажи и божества,yes
Alexander,Александр,,,Лор/Персонажи и божества,yes
Phoenix,Феникс,,,Лор/Персонажи и божества,yes
Good King Moggle Mog XII,Добрый король Мугл Мог XII,,,Лор/Персонажи и божества,yes
Innocence,Невинность,,,Лор/Персонажи и божества,yes
Ultima Weapon,Ультима-оружие,,,Лор/Персонажи и божества,yes
Hyur,хьюр,Hyuran,Мн. ч. — хьюры; прилагательное — хьюрский.,Лор/Народы,yes
Elezen,элезен,,Мн. ч. — элезены.,Лор/Народы,yes
Lalafell,лалафелл,Lalafells,Мн. ч. — лалафеллы.,Лор/Народы,yes
Miqo'te,мико'те,,Мн. ч. — мико'те; не склоняется.,Лор/Народы,yes
Roegadyn,рогадин,,Мн. ч. — рогадины.,Лор/Народы,yes
Au Ra,ау ра,,Не склоняется.,Лор/Народы,yes
Hrothgar,хротгар,,Мн. ч. — хротгары.,Лор/Народы,yes
Viera,виера,,Мн. ч. — виеры.,Лор/Народы,yes
Midlander,мидлендер,,женский род — мидлендерка,Лор/Народы,yes
Highlander,хайлендер,,женский род — хайлендерка,Лор/Народы,yes
Wildwood,лесной эльф,,,Лор/Народы,yes
Duskwight,сумеречный эльф,,,Лор/Народы,yes
Plainsfolk,равнинный лалафелл,,,Лор/Народы,yes
Dunesfolk,песчаный лалафелл,,,Лор/Народы,yes
Seeker of the Sun,искатель солнца,Seekers of the Sun,,Лор/Народы,yes
Keeper of the Moon,хранитель луны,Keepers of the Moon,,Лор/Народы,yes
Sea Wolf,морской волк,Sea Wolves,,Лор/Народы,yes
Hellsguard,страж преисподней,,,Лор/Народы,yes
Helions,гелионы,,,Лор/Народы,yes
the Lost,потерянные,,,Лор/Народы,yes
Rava,рава,,,Лор/Народы,yes
Veena,вина,,совпадает со словом «вина»,Лор/Народы,yes
Ixal,иксал,,,Лор/Народы/Союзные племена,yes
Ananta,ананта,,,Лор/Народы/Союзные племена,yes
Namazu,намазу,,,Лор/Народы/Союзные племена,yes
Qitari,китари,,,Лор/Народы/Союзные племена,yes
Dwarf,дварф,dwarves,,Лор/Народы/Союзные племена,yes
Arkasodara,аркасодара,,,Лор/Народы/Союзные племена,yes
Loporrit,лопоррит,Loporrits,,Лор/Народы/Союзные племена,yes
Pelupelu,пелупелу,,,Лор/Народы/Союзные племена,yes
Mamool Ja,мамул-джа,,,Лор/Народы/Союзные племена,yes
Yok Huy,йокхуи,,нужно заменить,Лор/Народы/Союзные племена,yes
Cid,Сид,,Мужчина; полностью — Сид Гарлонд.,Лор/Персонажи и божества,yes
Khloe,Хлоя,,Девочка; полностью — Хлоя Алиапо.,Лор/Персонажи и божества,yes
Nero,Неро,,Мужчина; полностью — Неро тол Скаева.,Лор/Персонажи и божества,yes
Urianger,Урианже,,Мужчина; полностью — Урианже Огюрель. Не склоняется.,Лор/Персонажи и божества,yes
Y'shtola,Я'Штола,,Женщина; полностью — Я'Штола Рул.,Лор/Персонажи и божества,yes
Ysayle,Изейль,,Женщина; полностью — Изейль Дангулен.,Лор/Персонажи и божества,yes
